address1,address2,address3,alias,categories,city,country,display_address,display_phone,distance,id,image_url,is_closed,latitude,longitude,name,phone,price,rating,review_count,state,transactions,url,zip_code,fema_l1
12 Greenway Plz,,,bounce-energy-houston,"[['utilities', 'Utilities']]",Houston,US,"['12 Greenway Plz', 'Houston, TX 77046']",(888) 452-6862,8012.000448414217,5XNXbn2y-Ac04jfWiB13nw,https://s3-media4.fl.yelpcdn.com/bphoto/hM-sJieuEMbWP56jWGxETQ/o.jpg,False,29.7331398,-95.4354701,Bounce Energy,+18884526862,NAN,2.5,108,TX,[],https://www.yelp.com/biz/bounce-energy-houston?adjust_creative=i3Qg1cbzjpXgYfDuZ0MhXQ&utm_campaign=yelp_api_v3&utm_medium=api_v3_business_search&utm_source=i3Qg1cbzjpXgYfDuZ0MhXQ,77046,4
1201 Fannin St,,,reliant-energy-houston-6,"[['utilities', 'Utilities']]",Houston,US,"['1201 Fannin St', 'Houston, TX 77002']",(866) 222-7100,1097.641955546405,obb1r8iTn1jlR9KE-l7keg,https://s3-media2.fl.yelpcdn.com/bphoto/gEOPNW7zJdvKQHdTZQzmjw/o.jpg,False,29.7543773651123,-95.365119934082,Reliant Energy,+18662227100,NAN,2.0,61,TX,[],https://www.yelp.com/biz/reliant-energy-houston-6?adjust_creative=i3Qg1cbzjpXgYfDuZ0MhXQ&utm_campaign=yelp_api_v3&utm_medium=api_v3_business_search&utm_source=i3Qg1cbzjpXgYfDuZ0MhXQ,77002,4
24 Greenway Plz,Ste 725,,energy-ogre-houston,"[['utilities', 'Utilities']]",Houston,US,"['24 Greenway Plz', 'Ste 725', 'Houston, TX 77046']",(832) 975-1000,8623.391962875226,THAjjzkFUmZ5XwpYIm4oYQ,https://s3-media2.fl.yelpcdn.com/bphoto/6m1tVjzM4uwn8qucS6v7Og/o.jpg,False,29.7300819,-95.4408173,Energy Ogre,+18329751000,NAN,2.5,25,TX,[],https://www.yelp.com/biz/energy-ogre-houston?adjust_creative=i3Qg1cbzjpXgYfDuZ0MhXQ&utm_campaign=yelp_api_v3&utm_medium=api_v3_business_search&utm_source=i3Qg1cbzjpXgYfDuZ0MhXQ,77046,4
,,,centerpoint-energy-houston-houston,"[['utilities', 'Utilities']]",Houston,US,"['Houston, TX 77002']",(713) 207-1111,1540.3379217092215,aeh2DEm9BlXoCL8krDagfg,https://s3-media3.fl.yelpcdn.com/bphoto/mmt1kfUL6a0MimfJOICZjg/o.jpg,False,29.75712,-95.36442,Centerpoint Energy Houston,+17132071111,NAN,1.0,108,TX,[],https://www.yelp.com/biz/centerpoint-energy-houston-houston?adjust_creative=i3Qg1cbzjpXgYfDuZ0MhXQ&utm_campaign=yelp_api_v3&utm_medium=api_v3_business_search&utm_source=i3Qg1cbzjpXgYfDuZ0MhXQ,77002,4
11811 North Fwy,Ste 546,,griddy-houston,"[['utilities', 'Utilities']]",Houston,US,"['11811 North Fwy', 'Ste 546', 'Houston, TX 77060']",(800) 993-6207,19924.396641259682,cZrOA6_ExtBdxo8uAAUPkw,https://s3-media3.fl.yelpcdn.com/bphoto/imC5W1xfj5nt58KfYKCX6w/o.jpg,False,29.9359,-95.41357,Griddy,+18009936207,NAN,3.0,17,TX,[],https://www.yelp.com/biz/griddy-houston?adjust_creative=i3Qg1cbzjpXgYfDuZ0MhXQ&utm_campaign=yelp_api_v3&utm_medium=api_v3_business_search&utm_source=i3Qg1cbzjpXgYfDuZ0MhXQ,77060,4
,,,entrust-energy-houston,"[['utilities', 'Utilities']]",Houston,US,"['Houston, TX 77010']",(800) 871-8100,847.741786859887,HTr8kxTLX8ndNW39doJufw,https://s3-media1.fl.yelpcdn.com/bphoto/vjOH_l6MxG6k3w7kO9_XEw/o.jpg,False,29.7555418947706,-95.361631015097,Entrust Energy,+18008718100,NAN,2.5,13,TX,[],https://www.yelp.com/biz/entrust-energy-houston?adjust_creative=i3Qg1cbzjpXgYfDuZ0MhXQ&utm_campaign=yelp_api_v3&utm_medium=api_v3_business_search&utm_source=i3Qg1cbzjpXgYfDuZ0MhXQ,77010,4
1221 Lamar St,Ste 750,,constellation-houston,"[['utilities', 'Utilities']]",Houston,US,"['1221 Lamar St', 'Ste 750', 'Houston, TX 77010']",(866) 917-8271,1119.442579421961,fBmHg7V-RXTXqN2W7oQq5Q,https://s3-media4.fl.yelpcdn.com/bphoto/iRuRvcVTilRJ41Q-vuowxA/o.jpg,False,29.752975,-95.360623,Constellation,+18669178271,NAN,1.5,60,TX,[],https://www.yelp.com/biz/constellation-houston?adjust_creative=i3Qg1cbzjpXgYfDuZ0MhXQ&utm_campaign=yelp_api_v3&utm_medium=api_v3_business_search&utm_source=i3Qg1cbzjpXgYfDuZ0MhXQ,77010,4
5251 Westheimer Rd,Ste 1000,,amigo-energy-houston,"[['utilities', 'Utilities']]",Houston,US,"['5251 Westheimer Rd', 'Ste 1000', 'Houston, TX 77056']",(888) 469-2644,10677.250042326268,CJpV33EQrokEHKsQgRpA-w,https://s3-media1.fl.yelpcdn.com/bphoto/Q-PCHWv6CEkDyVheryOzOQ/o.jpg,False,29.7398283,-95.4672806,Amigo Energy,+18884692644,NAN,1.5,49,TX,[],https://www.yelp.com/biz/amigo-energy-houston?adjust_creative=i3Qg1cbzjpXgYfDuZ0MhXQ&utm_campaign=yelp_api_v3&utm_medium=api_v3_business_search&utm_source=i3Qg1cbzjpXgYfDuZ0MhXQ,77056,4
,,,green-mountain-energy-houston-3,"[['utilities', 'Utilities']]",Houston,US,"['Houston, TX 77002']",(866) 785-4668,1540.3379217092215,fYhgzpxTAhSCp_tK7V0Omg,https://s3-media2.fl.yelpcdn.com/bphoto/fBl1Wtn4KgRNaZ5pfuyu1w/o.jpg,False,29.75712,-95.36442,Green Mountain Energy,+18667854668,NAN,2.0,32,TX,[],https://www.yelp.com/biz/green-mountain-energy-houston-3?adjust_creative=i3Qg1cbzjpXgYfDuZ0MhXQ&utm_campaign=yelp_api_v3&utm_medium=api_v3_business_search&utm_source=i3Qg1cbzjpXgYfDuZ0MhXQ,77002,4
5444 Westheimer Rd,Ste 1100,,frontier-utilities-houston,"[['utilities', 'Utilities']]",Houston,US,"['5444 Westheimer Rd', 'Ste 1100', 'Houston, TX 77056']",(877) 437-7440,11295.937476401134,axdqtaDNEXJnvoA4qA8wsA,https://s3-media2.fl.yelpcdn.com/bphoto/j7reCHPHhLqozJq2sQo2nQ/o.jpg,False,29.7389963,-95.4736443,Frontier Utilities,+18774377440,NAN,1.5,44,TX,[],https://www.yelp.com/biz/frontier-utilities-houston?adjust_creative=i3Qg1cbzjpXgYfDuZ0MhXQ&utm_campaign=yelp_api_v3&utm_medium=api_v3_business_search&utm_source=i3Qg1cbzjpXgYfDuZ0MhXQ,77056,4
2020 Southwest Fwy,Ste 325,,infuse-energy-houston,"[['electricitysuppliers', 'Electricity Suppliers']]",Houston,US,"['2020 Southwest Fwy', 'Ste 325', 'Houston, TX 77098']",(844) 463-8732,5999.2615683767335,TPOW9YeWuRDAA1gq6nPq8w,https://s3-media2.fl.yelpcdn.com/bphoto/6NAMxxDSY5H4ZLZRu3tHMQ/o.jpg,False,29.73144,-95.41021,Infuse Energy,+18444638732,NAN,3.0,6,TX,[],https://www.yelp.com/biz/infuse-energy-houston?adjust_creative=i3Qg1cbzjpXgYfDuZ0MhXQ&utm_campaign=yelp_api_v3&utm_medium=api_v3_business_search&utm_source=i3Qg1cbzjpXgYfDuZ0MhXQ,77098,4
12 Greenway Plz,,,direct-energy-houston-4,"[['utilities', 'Utilities']]",Houston,US,"['12 Greenway Plz', 'Houston, TX 77046']",(855) 514-1815,8036.009143977042,KCFu1FeqQLSld3SUj6XVZg,https://s3-media3.fl.yelpcdn.com/bphoto/ZsENBrV2rPhOagy6Cj5peA/o.jpg,False,29.7330728,-95.4357082,Direct Energy,+18555141815,NAN,1.0,39,TX,[],https://www.yelp.com/biz/direct-energy-houston-4?adjust_creative=i3Qg1cbzjpXgYfDuZ0MhXQ&utm_campaign=yelp_api_v3&utm_medium=api_v3_business_search&utm_source=i3Qg1cbzjpXgYfDuZ0MhXQ,77046,4
12 Greenway Plz,,,direct-energy-houston-3,"[['utilities', 'Utilities']]",Houston,US,"['12 Greenway Plz', 'Houston, TX 77046']",(888) 305-3828,8011.588543376328,u_dNXRTWH4hYxE2W1niFMw,https://s3-media4.fl.yelpcdn.com/bphoto/CRoJAzDQll7q2lg7mawg4w/o.jpg,False,29.733067274315,-95.4354272480196,Direct Energy,+18883053828,NAN,1.5,33,TX,[],https://www.yelp.com/biz/direct-energy-houston-3?adjust_creative=i3Qg1cbzjpXgYfDuZ0MhXQ&utm_campaign=yelp_api_v3&utm_medium=api_v3_business_search&utm_source=i3Qg1cbzjpXgYfDuZ0MhXQ,77046,4
,,,summer-energy-houston,"[['utilities', 'Utilities']]",Houston,US,"['Houston, TX 77056']",(888) 594-9299,10737.489605821367,zu-bnrLVMIs8-oQgjEuILw,https://s3-media2.fl.yelpcdn.com/bphoto/L4TnXqPe6LsxwLsM69Q2EA/o.jpg,False,29.7484861,-95.4699173,Summer Energy,+18885949299,NAN,1.5,22,TX,[],https://www.yelp.com/biz/summer-energy-houston?adjust_creative=i3Qg1cbzjpXgYfDuZ0MhXQ&utm_campaign=yelp_api_v3&utm_medium=api_v3_business_search&utm_source=i3Qg1cbzjpXgYfDuZ0MhXQ,77056,4
4306 Yoakum Blvd,Ste 600,,vista-energy-marketing-houston-2,"[['utilities', 'Utilities']]",Houston,US,"['4306 Yoakum Blvd', 'Ste 600', 'Houston, TX 77006']",(888) 508-4782,4539.012050370433,PMqX9h1cVoqqqckTXiW51g,https://s3-media1.fl.yelpcdn.com/bphoto/lMIYovmrgkgOWNjUEorN5A/o.jpg,False,29.7340621948242,-95.3929672241211,Vista Energy Marketing,+18885084782,NAN,1.5,25,TX,[],https://www.yelp.com/biz/vista-energy-marketing-houston-2?adjust_creative=i3Qg1cbzjpXgYfDuZ0MhXQ&utm_campaign=yelp_api_v3&utm_medium=api_v3_business_search&utm_source=i3Qg1cbzjpXgYfDuZ0MhXQ,77006,4
,,,centerpoint-energy-houston-5,"[['utilities', 'Utilities'], ['electricians', 'Electricians']]",Houston,US,"['Houston, TX']",(713) 207-2222,993.5611343824415,2MXqHXSeo2DI-SvPuTImHQ,,False,,,CenterPoint Energy,+17132072222,NAN,1.5,12,TX,[],https://www.yelp.com/biz/centerpoint-energy-houston-5?adjust_creative=i3Qg1cbzjpXgYfDuZ0MhXQ&utm_campaign=yelp_api_v3&utm_medium=api_v3_business_search&utm_source=i3Qg1cbzjpXgYfDuZ0MhXQ,,4
5251 Westheimer Rd,Ste 1000,,tara-energy-houston,"[['utilities', 'Utilities']]",Houston,US,"['5251 Westheimer Rd', 'Ste 1000', 'Houston, TX 77056']",(866) 438-8272,10708.352612006354,cb32YvMgjLMqYvjjo4tPDA,https://s3-media3.fl.yelpcdn.com/bphoto/1hemsCDnZW7zuLpDDWsQpA/o.jpg,False,29.739294,-95.467438,Tara Energy,+18664388272,NAN,2.5,3,TX,[],https://www.yelp.com/biz/tara-energy-houston?adjust_creative=i3Qg1cbzjpXgYfDuZ0MhXQ&utm_campaign=yelp_api_v3&utm_medium=api_v3_business_search&utm_source=i3Qg1cbzjpXgYfDuZ0MhXQ,77056,4
3100 Richmond Ave,Ste 550,,trusmart-energy-houston,"[['utilities', 'Utilities']]",Houston,US,"['3100 Richmond Ave', 'Ste 550', 'Houston, TX 77098']",(855) 878-7627,7026.122282138642,IFH6juTQtxpG3B3c_ZlgvA,https://s3-media2.fl.yelpcdn.com/bphoto/D65iOvPQPGXwSIqdXokx7g/o.jpg,False,29.7345205,-95.4249075,Trusmart Energy,+18558787627,NAN,1.0,7,TX,[],https://www.yelp.com/biz/trusmart-energy-houston?adjust_creative=i3Qg1cbzjpXgYfDuZ0MhXQ&utm_campaign=yelp_api_v3&utm_medium=api_v3_business_search&utm_source=i3Qg1cbzjpXgYfDuZ0MhXQ,77098,4
2000 West Lp S,Ste 2010,,lifeenergy-houston-4,"[['utilities', 'Utilities']]",Houston,US,"['2000 West Lp S', 'Ste 2010', 'Houston, TX 77027']",(844) 662-1222,9609.228610923616,MibROJiT4_CdrCpRl4wV2Q,https://s3-media2.fl.yelpcdn.com/bphoto/ScFTNX1rOJrjd7vDbVHwkg/o.jpg,False,29.7465703,-95.4576754,LifeEnergy,+18446621222,NAN,1.5,4,TX,[],https://www.yelp.com/biz/lifeenergy-houston-4?adjust_creative=i3Qg1cbzjpXgYfDuZ0MhXQ&utm_campaign=yelp_api_v3&utm_medium=api_v3_business_search&utm_source=i3Qg1cbzjpXgYfDuZ0MhXQ,77027,4
,,,first-choice-power-houston,"[['utilities', 'Utilities']]",Houston,US,"['Houston, TX 77046']",(855) 534-3881,7745.42076130819,p0vklaoNoj_PNyqeGtlJjA,,False,29.7312393188477,-95.434928894043,First Choice Power,+18555343881,NAN,1.0,7,TX,[],https://www.yelp.com/biz/first-choice-power-houston?adjust_creative=i3Qg1cbzjpXgYfDuZ0MhXQ&utm_campaign=yelp_api_v3&utm_medium=api_v3_business_search&utm_source=i3Qg1cbzjpXgYfDuZ0MhXQ,77046,4
11490 Westheimer Rd,Ste 200,,continuum-energy-houston,"[['utilities', 'Utilities']]",Houston,US,"['11490 Westheimer Rd', 'Ste 200', 'Houston, TX 77077']",(713) 341-4600,1322.2633470599224,Imm9218rc_wRfMJp-hD-Ww,,False,29.754756,-95.369798,Continuum Energy,+17133414600,NAN,1.0,2,TX,[],https://www.yelp.com/biz/continuum-energy-houston?adjust_creative=i3Qg1cbzjpXgYfDuZ0MhXQ&utm_campaign=yelp_api_v3&utm_medium=api_v3_business_search&utm_source=i3Qg1cbzjpXgYfDuZ0MhXQ,77077,4
11011 Brooklet Dr,Ste 220,,acacia-energy-houston-2,"[['electricians', 'Electricians'], ['utilities', 'Utilities']]",Houston,US,"['11011 Brooklet Dr', 'Ste 220', 'Houston, TX 77099']",(877) 997-2946,22571.457904253624,pUa4eA5NinwtCmU655G6cQ,https://s3-media2.fl.yelpcdn.com/bphoto/hfMonmRqjXv0msaGCfizcA/o.jpg,False,29.66073,-95.56222,Acacia Energy,+18779972946,NAN,2.5,3,TX,[],https://www.yelp.com/biz/acacia-energy-houston-2?adjust_creative=i3Qg1cbzjpXgYfDuZ0MhXQ&utm_campaign=yelp_api_v3&utm_medium=api_v3_business_search&utm_source=i3Qg1cbzjpXgYfDuZ0MhXQ,77099,4
,,,electricity-for-houston-houston-2,"[['utilities', 'Utilities']]",Houston,US,"['Houston, TX 77002']",(281) 657-7909,1540.3379217092215,O8vehPpAKFkaj-BdzRDMpw,https://s3-media2.fl.yelpcdn.com/bphoto/SrKb4r6QcqyBao_mMM2Q2g/o.jpg,False,29.75609,-95.36807,Electricity For Houston,+12816577909,NAN,1.0,1,TX,[],https://www.yelp.com/biz/electricity-for-houston-houston-2?adjust_creative=i3Qg1cbzjpXgYfDuZ0MhXQ&utm_campaign=yelp_api_v3&utm_medium=api_v3_business_search&utm_source=i3Qg1cbzjpXgYfDuZ0MhXQ,77002,4
,,,reliant-energy-houston-5,"[['utilities', 'Utilities']]",Houston,US,"['Houston, TX 77001']",(214) 272-2018,1241.5809198263682,HFUk-yW_FgJO57MqzLNDvA,,False,29.7652721405029,-95.3657684326172,Reliant Energy,+12142722018,NAN,1.0,2,TX,[],https://www.yelp.com/biz/reliant-energy-houston-5?adjust_creative=i3Qg1cbzjpXgYfDuZ0MhXQ&utm_campaign=yelp_api_v3&utm_medium=api_v3_business_search&utm_source=i3Qg1cbzjpXgYfDuZ0MhXQ,77001,4
2802 Albany St,,,bounce-energy-houston-4,"[['electricitysuppliers', 'Electricity Suppliers']]",Houston,US,"['2802 Albany St', 'Houston, TX 77006']",(888) 452-6862,2745.9426438175974,P7hEofGVyBBVXze3f_wVZQ,,False,29.74875,-95.38309,Bounce Energy,+18884526862,NAN,1.0,1,TX,[],https://www.yelp.com/biz/bounce-energy-houston-4?adjust_creative=i3Qg1cbzjpXgYfDuZ0MhXQ&utm_campaign=yelp_api_v3&utm_medium=api_v3_business_search&utm_source=i3Qg1cbzjpXgYfDuZ0MhXQ,77006,4
5400 Westheimer Ct,,,spectra-energy-houston,"[['utilities', 'Utilities']]",Houston,US,"['5400 Westheimer Ct', 'Houston, TX 77056']",(713) 627-5400,11212.106554632164,1VfaHiMn1c1rnnwe-seQhQ,,False,29.74092,-95.47322,Spectra Energy,+17136275400,NAN,2.0,1,TX,[],https://www.yelp.com/biz/spectra-energy-houston?adjust_creative=i3Qg1cbzjpXgYfDuZ0MhXQ&utm_campaign=yelp_api_v3&utm_medium=api_v3_business_search&utm_source=i3Qg1cbzjpXgYfDuZ0MhXQ,77056,4
,,,payless-power-texas-dallas-2,"[['electricitysuppliers', 'Electricity Suppliers']]",Dallas,US,"['Dallas, TX 75397']",(866) 702-5033,362302.63997194095,WdAjYOk4QqwsSRc62LTs7Q,https://s3-media2.fl.yelpcdn.com/bphoto/cV2uMxA8_6cXri05feFWyg/o.jpg,False,32.7781600952148,-96.7954025268555,Payless Power Texas,+18667025033,NAN,2.0,1,TX,[],https://www.yelp.com/biz/payless-power-texas-dallas-2?adjust_creative=i3Qg1cbzjpXgYfDuZ0MhXQ&utm_campaign=yelp_api_v3&utm_medium=api_v3_business_search&utm_source=i3Qg1cbzjpXgYfDuZ0MhXQ,75397,4
2020 Southwest Fwy,Ste 325,,infuse-energy-houston,"[['electricitysuppliers', 'Electricity Suppliers']]",Houston,US,"['2020 Southwest Fwy', 'Ste 325', 'Houston, TX 77098']",(844) 463-8732,5999.2615683767335,TPOW9YeWuRDAA1gq6nPq8w,https://s3-media2.fl.yelpcdn.com/bphoto/6NAMxxDSY5H4ZLZRu3tHMQ/o.jpg,False,29.73144,-95.41021,Infuse Energy,+18444638732,NAN,3.0,6,TX,[],https://www.yelp.com/biz/infuse-energy-houston?adjust_creative=i3Qg1cbzjpXgYfDuZ0MhXQ&utm_campaign=yelp_api_v3&utm_medium=api_v3_business_search&utm_source=i3Qg1cbzjpXgYfDuZ0MhXQ,77098,4
,,,amigo-energy-houston-9,"[['electricitysuppliers', 'Electricity Suppliers']]",Houston,US,"['Houston, TX 77063']",(281) 201-1079,16181.957379047566,lE6ljhNuAuWK6rCW_JNqgg,https://s3-media2.fl.yelpcdn.com/bphoto/hdapX4rhI_edkNyfVgPOyw/o.jpg,False,29.7358207702637,-95.5209808349609,Amigo Energy,+12812011079,NAN,1.0,5,TX,[],https://www.yelp.com/biz/amigo-energy-houston-9?adjust_creative=i3Qg1cbzjpXgYfDuZ0MhXQ&utm_campaign=yelp_api_v3&utm_medium=api_v3_business_search&utm_source=i3Qg1cbzjpXgYfDuZ0MhXQ,77063,4
2802 Albany St,,,bounce-energy-houston-4,"[['electricitysuppliers', 'Electricity Suppliers']]",Houston,US,"['2802 Albany St', 'Houston, TX 77006']",(888) 452-6862,2745.9426438175974,P7hEofGVyBBVXze3f_wVZQ,,False,29.74875,-95.38309,Bounce Energy,+18884526862,NAN,1.0,1,TX,[],https://www.yelp.com/biz/bounce-energy-houston-4?adjust_creative=i3Qg1cbzjpXgYfDuZ0MhXQ&utm_campaign=yelp_api_v3&utm_medium=api_v3_business_search&utm_source=i3Qg1cbzjpXgYfDuZ0MhXQ,77006,4
651 Fm 270 Rd,Ste D,,texas-new-mexico-power-company-league-city,"[['electricitysuppliers', 'Electricity Suppliers']]",League City,US,"['651 Fm 270 Rd', 'Ste D', 'League City, TX 77573']",(281) 554-5235,37558.73807023538,ttImfIz53AXhkZSNiYvLgA,,False,29.5242080688477,-95.0851593017578,Texas-New Mexico Power Company,+12815545235,NAN,1.0,1,TX,[],https://www.yelp.com/biz/texas-new-mexico-power-company-league-city?adjust_creative=i3Qg1cbzjpXgYfDuZ0MhXQ&utm_campaign=yelp_api_v3&utm_medium=api_v3_business_search&utm_source=i3Qg1cbzjpXgYfDuZ0MhXQ,77573,4
,,,payless-power-texas-dallas-2,"[['electricitysuppliers', 'Electricity Suppliers']]",Dallas,US,"['Dallas, TX 75397']",(866) 702-5033,362302.63997194095,WdAjYOk4QqwsSRc62LTs7Q,https://s3-media2.fl.yelpcdn.com/bphoto/cV2uMxA8_6cXri05feFWyg/o.jpg,False,32.7781600952148,-96.7954025268555,Payless Power Texas,+18667025033,NAN,2.0,1,TX,[],https://www.yelp.com/biz/payless-power-texas-dallas-2?adjust_creative=i3Qg1cbzjpXgYfDuZ0MhXQ&utm_campaign=yelp_api_v3&utm_medium=api_v3_business_search&utm_source=i3Qg1cbzjpXgYfDuZ0MhXQ,75397,4
14820 North Fwy,,,tesla-supercharger-houston,"[['evchargingstations', 'EV Charging Stations']]",Houston,US,"['14820 North Fwy', 'Houston, TX 77090']",(281) 982-7130,24923.38418761499,6_tAZLJQ1gh-wwFGuQ0Aaw,https://s3-media2.fl.yelpcdn.com/bphoto/mNszAQVDI9FSVLxja4Rf6A/o.jpg,False,29.97979,-95.42104,Tesla Supercharger,+12819827130,NAN,2.5,2,TX,[],https://www.yelp.com/biz/tesla-supercharger-houston?adjust_creative=i3Qg1cbzjpXgYfDuZ0MhXQ&utm_campaign=yelp_api_v3&utm_medium=api_v3_business_search&utm_source=i3Qg1cbzjpXgYfDuZ0MhXQ,77090,4
16311 East Fwy,,,tesla-supercharger-channelview,"[['evchargingstations', 'EV Charging Stations']]",Channelview,US,"['16311 East Fwy', 'Channelview, TX 77530']",(877) 798-4033,24224.745401235166,YKo8sz5jPYrT34jlfIdd1w,https://s3-media2.fl.yelpcdn.com/bphoto/ihOUAcu2hat2N1VPE5Gtgg/o.jpg,False,29.78461,-95.110191,Tesla Supercharger,+18777984033,NAN,4.0,2,TX,[],https://www.yelp.com/biz/tesla-supercharger-channelview?adjust_creative=i3Qg1cbzjpXgYfDuZ0MhXQ&utm_campaign=yelp_api_v3&utm_medium=api_v3_business_search&utm_source=i3Qg1cbzjpXgYfDuZ0MhXQ,77530,4
1900 Shipyard Dr,,,blue-marlin-fuel-dock-kemah,"[['fueldocks', 'Fuel Docks']]",Kemah,US,"['1900 Shipyard Dr', 'Kemah, TX 77586']",(281) 291-7497,40041.906069702694,F5HIRj5wefCivlA-64z4OA,https://s3-media2.fl.yelpcdn.com/bphoto/SWqqIqMykC_2sEwiGx6l8w/o.jpg,False,29.5491208432124,-95.0265970356818,Blue Marlin Fuel Dock,+12812917497,NAN,3.0,2,TX,[],https://www.yelp.com/biz/blue-marlin-fuel-dock-kemah?adjust_creative=i3Qg1cbzjpXgYfDuZ0MhXQ&utm_campaign=yelp_api_v3&utm_medium=api_v3_business_search&utm_source=i3Qg1cbzjpXgYfDuZ0MhXQ,77586,4
1415 Rankin Rd,,,bolivar-barge-cleaning-services-port-bolivar,"[['boatrepair', 'Boat Repair'], ['fueldocks', 'Fuel Docks']]",Port Bolivar,US,"['1415 Rankin Rd', 'Port Bolivar, TX 77650']",(409) 925-8897,70983.40317779781,Iptq1Tz3Jv8LXLHvI1qhwg,,False,29.38441,-94.7691,Bolivar Barge Cleaning Services,+14099258897,NAN,5.0,1,TX,[],https://www.yelp.com/biz/bolivar-barge-cleaning-services-port-bolivar?adjust_creative=i3Qg1cbzjpXgYfDuZ0MhXQ&utm_campaign=yelp_api_v3&utm_medium=api_v3_business_search&utm_source=i3Qg1cbzjpXgYfDuZ0MhXQ,77650,4
3836 Richmond Ave,,,costco-houston-9,"[['wholesale_stores', 'Wholesale Stores'], ['servicestations', 'Gas Stations']]",Houston,US,"['3836 Richmond Ave', 'Houston, TX 77027']",(832) 325-5850,8327.774561346438,2Q_jMzvMyK8bqDQMuoXn7g,https://s3-media4.fl.yelpcdn.com/bphoto/kXfcN4s_ty4grOpCFP2FLw/o.jpg,False,29.734222,-95.439582,Costco,+18323255850,$$,4.0,233,TX,[],https://www.yelp.com/biz/costco-houston-9?adjust_creative=i3Qg1cbzjpXgYfDuZ0MhXQ&utm_campaign=yelp_api_v3&utm_medium=api_v3_business_search&utm_source=i3Qg1cbzjpXgYfDuZ0MhXQ,77027,4
2302 W Holcombe Blvd,,,medical-center-shell-houston,"[['servicestations', 'Gas Stations'], ['autorepair', 'Auto Repair']]",Houston,US,"['2302 W Holcombe Blvd', 'Houston, TX 77030']",(713) 667-4631,8101.021681089777,cqxzyEPah4GFHjW3OFfO5g,https://s3-media1.fl.yelpcdn.com/bphoto/ClLk9urzjPcEKDF7vuaYog/o.jpg,False,29.706535,-95.412963,Medical Center Shell,+17136674631,NAN,4.0,27,TX,[],https://www.yelp.com/biz/medical-center-shell-houston?adjust_creative=i3Qg1cbzjpXgYfDuZ0MhXQ&utm_campaign=yelp_api_v3&utm_medium=api_v3_business_search&utm_source=i3Qg1cbzjpXgYfDuZ0MhXQ,77030,4
5139 Woodway Dr,,,mobil-houston-2,"[['servicestations', 'Gas Stations']]",Houston,US,"['5139 Woodway Dr', 'Houston, TX 77056']",(713) 621-2570,10200.091922429609,OT3QGN-ZMFVwSIF4cYbBXg,https://s3-media4.fl.yelpcdn.com/bphoto/r_KX8-iqbcGZLw1dZOjgHQ/o.jpg,False,29.7623187,-95.467041,Mobil,+17136212570,NAN,5.0,14,TX,[],https://www.yelp.com/biz/mobil-houston-2?adjust_creative=i3Qg1cbzjpXgYfDuZ0MhXQ&utm_campaign=yelp_api_v3&utm_medium=api_v3_business_search&utm_source=i3Qg1cbzjpXgYfDuZ0MhXQ,77056,4
1440 Studemont St,,,kroger-houston-27,"[['servicestations', 'Gas Stations'], ['convenience', 'Convenience Stores'], ['drugstores', 'Drugstores']]",Houston,US,"['1440 Studemont St', 'Houston, TX 77007']",(832) 708-2286,3160.0330636466524,m1T7fDe8GqSp1v7MuIxQGg,https://s3-media4.fl.yelpcdn.com/bphoto/fwhamsabYLwoHx5iA0yIlA/o.jpg,False,29.7735347747803,-95.3903732299805,Kroger,+18327082286,$$,2.5,91,TX,[],https://www.yelp.com/biz/kroger-houston-27?adjust_creative=i3Qg1cbzjpXgYfDuZ0MhXQ&utm_campaign=yelp_api_v3&utm_medium=api_v3_business_search&utm_source=i3Qg1cbzjpXgYfDuZ0MhXQ,77007,4
1138 W 20th St,,,houston-biodiesel-houston,"[['servicestations', 'Gas Stations']]",Houston,US,"['1138 W 20th St', 'Houston, TX 77008']",(713) 222-0832,7284.148369609844,baW8m8X3BANgsoHNBFPF2w,https://s3-media4.fl.yelpcdn.com/bphoto/D8ksJjNbKCJG3XmGWOElZA/o.jpg,False,29.8033468314086,-95.4194407521148,Houston Biodiesel,+17132220832,NAN,5.0,6,TX,[],https://www.yelp.com/biz/houston-biodiesel-houston?adjust_creative=i3Qg1cbzjpXgYfDuZ0MhXQ&utm_campaign=yelp_api_v3&utm_medium=api_v3_business_search&utm_source=i3Qg1cbzjpXgYfDuZ0MhXQ,77008,4
3802 Westheimer Rd,,,roberts-mobil-car-care-center-houston,"[['servicestations', 'Gas Stations'], ['autorepair', 'Auto Repair'], ['tires', 'Tires']]",Houston,US,"['3802 Westheimer Rd', 'Houston, TX 77027']",(713) 621-1055,8257.184969996077,VQ0n38G09W3R2K8pkjqP6A,https://s3-media3.fl.yelpcdn.com/bphoto/OID4l74MTtjTtuwy6vHuqw/o.jpg,False,29.742008,-95.441978,Roberts Mobil Car Care Center,+17136211055,NAN,4.0,22,TX,[],https://www.yelp.com/biz/roberts-mobil-car-care-center-houston?adjust_creative=i3Qg1cbzjpXgYfDuZ0MhXQ&utm_campaign=yelp_api_v3&utm_medium=api_v3_business_search&utm_source=i3Qg1cbzjpXgYfDuZ0MhXQ,77027,4
1035 N Shepherd,,,kroger-fuel-center-houston,"[['servicestations', 'Gas Stations']]",Houston,US,"['1035 N Shepherd', 'Houston, TX 77008']",,5740.123035604782,5zbATJ7smWMCuAEtEF_s3g,https://s3-media1.fl.yelpcdn.com/bphoto/s4v0YdUvQu5SijRnBgm7tA/o.jpg,False,29.7898491472006,-95.4099217057228,Kroger Fuel Center,,NAN,4.0,10,TX,[],https://www.yelp.com/biz/kroger-fuel-center-houston?adjust_creative=i3Qg1cbzjpXgYfDuZ0MhXQ&utm_campaign=yelp_api_v3&utm_medium=api_v3_business_search&utm_source=i3Qg1cbzjpXgYfDuZ0MhXQ,77008,4
1352 W 43rd St,,,kroger-houston-28,"[['grocery', 'Grocery'], ['servicestations', 'Gas Stations'], ['beer_and_wine', 'Beer, Wine & Spirits']]",Houston,US,"['1352 W 43rd St', 'Houston, TX 77018']",(713) 681-0901,10099.557550739466,7v42GIsvaTPQh_0QVrbJDg,https://s3-media4.fl.yelpcdn.com/bphoto/HG85nvJ84xcq8BBjs1ZuDA/o.jpg,False,29.8283849,-95.43172,Kroger,+17136810901,$$,2.0,78,TX,[],https://www.yelp.com/biz/kroger-houston-28?adjust_creative=i3Qg1cbzjpXgYfDuZ0MhXQ&utm_campaign=yelp_api_v3&utm_medium=api_v3_business_search&utm_source=i3Qg1cbzjpXgYfDuZ0MhXQ,77018,4
4104 Polk St,,,cullen-and-polk-auto-service-houston,"[['servicestations', 'Gas Stations']]",Houston,US,"['4104 Polk St', 'Houston, TX 77023']",(713) 225-4266,3315.506669428129,CLkFlcKIlcXg6MKzpdJbbA,https://s3-media2.fl.yelpcdn.com/bphoto/89e6g1g3ss9n5a2jtQWcMw/o.jpg,False,29.73958,-95.3387,Cullen and Polk Auto Service,+17132254266,NAN,5.0,4,TX,[],https://www.yelp.com/biz/cullen-and-polk-auto-service-houston?adjust_creative=i3Qg1cbzjpXgYfDuZ0MhXQ&utm_campaign=yelp_api_v3&utm_medium=api_v3_business_search&utm_source=i3Qg1cbzjpXgYfDuZ0MhXQ,77023,4
2525 Sw Fwy,,,shell-houston-29,"[['servicestations', 'Gas Stations']]",Houston,US,"['2525 Sw Fwy', 'Houston, TX 77098']",,6716.130881930158,AV8-qOjH8OOv8-Gv2D_OZg,https://s3-media2.fl.yelpcdn.com/bphoto/gFUREb1XEKOSIR8-9kmSHw/o.jpg,False,29.7298641204834,-95.418098449707,Shell,,NAN,3.5,9,TX,[],https://www.yelp.com/biz/shell-houston-29?adjust_creative=i3Qg1cbzjpXgYfDuZ0MhXQ&utm_campaign=yelp_api_v3&utm_medium=api_v3_business_search&utm_source=i3Qg1cbzjpXgYfDuZ0MhXQ,77098,4
920 Richmond Ave,,,shell-service-stations-houston-6,"[['servicestations', 'Gas Stations']]",Houston,US,"['920 Richmond Ave', 'Houston, TX 77006']",(713) 528-2310,4311.8535303517,XLRl8A6Dn1ov_hJrY1NIHA,https://s3-media2.fl.yelpcdn.com/bphoto/AlyO0n959n4yy2_z_Z0-Xw/o.jpg,False,29.73476,-95.3904699,Shell Service Stations,+17135282310,NAN,3.5,10,TX,[],https://www.yelp.com/biz/shell-service-stations-houston-6?adjust_creative=i3Qg1cbzjpXgYfDuZ0MhXQ&utm_campaign=yelp_api_v3&utm_medium=api_v3_business_search&utm_source=i3Qg1cbzjpXgYfDuZ0MhXQ,77006,4
8602 Memorial Dr,,,varcados-shell-houston,"[['autorepair', 'Auto Repair'], ['servicestations', 'Gas Stations'], ['tires', 'Tires']]",Houston,US,"['8602 Memorial Dr', 'Houston, TX 77024']",(713) 688-3177,9440.101834972407,cbF_T2zUL48qjTAe42eQ3Q,https://s3-media4.fl.yelpcdn.com/bphoto/6NZE7hca5XHE7yN-TWMTpA/o.jpg,False,29.7737064361572,-95.4570236206055,Varcados Shell,+17136883177,NAN,3.0,18,TX,[],https://www.yelp.com/biz/varcados-shell-houston?adjust_creative=i3Qg1cbzjpXgYfDuZ0MhXQ&utm_campaign=yelp_api_v3&utm_medium=api_v3_business_search&utm_source=i3Qg1cbzjpXgYfDuZ0MhXQ,77024,4
7747 Kirby Dr,,,kroger-fuel-center-houston-7,"[['servicestations', 'Gas Stations']]",Houston,US,"['7747 Kirby Dr', 'Houston, TX 77054']",,9241.478843632542,YolCVCpdgYTfjOmigREiJA,https://s3-media2.fl.yelpcdn.com/bphoto/yxIp6iymDY3Rc56qjFBL3A/o.jpg,False,29.6953222,-95.4154652,Kroger Fuel Center,,NAN,4.5,3,TX,[],https://www.yelp.com/biz/kroger-fuel-center-houston-7?adjust_creative=i3Qg1cbzjpXgYfDuZ0MhXQ&utm_campaign=yelp_api_v3&utm_medium=api_v3_business_search&utm_source=i3Qg1cbzjpXgYfDuZ0MhXQ,77054,4
6634 Washington Ave,,,chevron-houston-46,"[['servicestations', 'Gas Stations']]",Houston,US,"['6634 Washington Ave', 'Houston, TX 77007']",(713) 869-8995,6707.973387343485,Gskmu0F0emURPZPVbuX2hA,https://s3-media1.fl.yelpcdn.com/bphoto/YJNd9PoU5WYXOHWAR77m0g/o.jpg,False,29.7763949466389,-95.4276234720158,Chevron,+17138698995,NAN,3.5,6,TX,[],https://www.yelp.com/biz/chevron-houston-46?adjust_creative=i3Qg1cbzjpXgYfDuZ0MhXQ&utm_campaign=yelp_api_v3&utm_medium=api_v3_business_search&utm_source=i3Qg1cbzjpXgYfDuZ0MhXQ,77007,4
319 Shepherd,,,shell-houston-64,"[['servicestations', 'Gas Stations']]",Houston,US,"['319 Shepherd', 'Houston, TX 77007']",(713) 864-2094,4802.306327626571,TEC3-szRphz1PiWVQOlSaA,https://s3-media4.fl.yelpcdn.com/bphoto/wxlkvkuhv2_7_wgXu7F2gA/o.jpg,False,29.7659586,-95.4095918,Shell,+17138642094,NAN,2.5,22,TX,[],https://www.yelp.com/biz/shell-houston-64?adjust_creative=i3Qg1cbzjpXgYfDuZ0MhXQ&utm_campaign=yelp_api_v3&utm_medium=api_v3_business_search&utm_source=i3Qg1cbzjpXgYfDuZ0MhXQ,77007,4
6102 Scott St,,,h-e-b-houston-4,"[['grocery', 'Grocery'], ['drugstores', 'Drugstores'], ['servicestations', 'Gas Stations']]",Houston,US,"['6102 Scott St', 'Houston, TX 77021']",(713) 747-7383,6833.239558091271,9JlKHHP9HK2WAyuc8OLYwg,https://s3-media1.fl.yelpcdn.com/bphoto/cQTbnFiZf8dJc1aNVHJzIw/o.jpg,False,29.7015736,-95.3595955,H-E-B,+17137477383,$$,2.0,27,TX,[],https://www.yelp.com/biz/h-e-b-houston-4?adjust_creative=i3Qg1cbzjpXgYfDuZ0MhXQ&utm_campaign=yelp_api_v3&utm_medium=api_v3_business_search&utm_source=i3Qg1cbzjpXgYfDuZ0MhXQ,77021,4
6737 W Tidwell Rd,,,raceway-houston-7,"[['servicestations', 'Gas Stations'], ['convenience', 'Convenience Stores']]",Houston,US,"['6737 W Tidwell Rd', 'Houston, TX 77092']",(800) 688-6199,12706.151117375866,gaRUnbAzm1_1mOakgGuB1Q,https://s3-media3.fl.yelpcdn.com/bphoto/6yrDIyE4gDUeMuPBI1X5Fw/o.jpg,False,29.819144,-95.474653,RaceWay,+18006886199,$$,3.5,7,TX,[],https://www.yelp.com/biz/raceway-houston-7?adjust_creative=i3Qg1cbzjpXgYfDuZ0MhXQ&utm_campaign=yelp_api_v3&utm_medium=api_v3_business_search&utm_source=i3Qg1cbzjpXgYfDuZ0MhXQ,77092,4
4910 Weslayan St,,,weslayan-exxon-houston,"[['servicestations', 'Gas Stations']]",Houston,US,"['4910 Weslayan St', 'Houston, TX 77027']",(713) 355-2500,8808.8978713324,_6KSp5hgwp440F_NziSvqQ,https://s3-media2.fl.yelpcdn.com/bphoto/OGtD0FRjSW7UOOJEHneG9A/o.jpg,False,29.7280998,-95.4418488,Weslayan Exxon,+17133552500,NAN,3.0,8,TX,[],https://www.yelp.com/biz/weslayan-exxon-houston?adjust_creative=i3Qg1cbzjpXgYfDuZ0MhXQ&utm_campaign=yelp_api_v3&utm_medium=api_v3_business_search&utm_source=i3Qg1cbzjpXgYfDuZ0MhXQ,77027,4
1010 W Alabama St,,,shell-houston-89,"[['servicestations', 'Gas Stations'], ['convenience', 'Convenience Stores']]",Houston,US,"['1010 W Alabama St', 'Houston, TX 77006']",(713) 529-5536,4059.940704571421,VF49q88hIYUSgETGIfHXDQ,https://s3-media3.fl.yelpcdn.com/bphoto/UAs1exJX1ga6b-GOEZbL4A/o.jpg,False,29.73901,-95.3916,Shell,+17135295536,NAN,2.5,13,TX,[],https://www.yelp.com/biz/shell-houston-89?adjust_creative=i3Qg1cbzjpXgYfDuZ0MhXQ&utm_campaign=yelp_api_v3&utm_medium=api_v3_business_search&utm_source=i3Qg1cbzjpXgYfDuZ0MhXQ,77006,4
2221 Ella Blvd W 23rd St,,,gulf-houston,"[['servicestations', 'Gas Stations']]",Houston,US,"['2221 Ella Blvd W 23rd St', 'Houston, TX 77008']",(832) 885-5555,8259.069508196555,zvBCXemu-ikzrIMMic15Lw,https://s3-media4.fl.yelpcdn.com/bphoto/tdHHnlpRCuyx5thKvWVJzA/o.jpg,False,29.8063506132495,-95.4294687171021,Gulf,+18328855555,NAN,3.0,8,TX,[],https://www.yelp.com/biz/gulf-houston?adjust_creative=i3Qg1cbzjpXgYfDuZ0MhXQ&utm_campaign=yelp_api_v3&utm_medium=api_v3_business_search&utm_source=i3Qg1cbzjpXgYfDuZ0MhXQ,77008,4
922 W Alabama St,,,mid-town-chevron-service-station-houston,"[['servicestations', 'Gas Stations']]",Houston,US,"['922 W Alabama St', 'Houston, TX 77006']",(713) 523-3905,3987.757095582361,PvTw9-0IaUZGDpIiW55tDA,https://s3-media4.fl.yelpcdn.com/bphoto/jIGS6gRPRhphKxxUYeOISw/o.jpg,False,29.73901,-95.39079,Mid-Town Chevron Service Station,+17135233905,NAN,3.0,6,TX,[],https://www.yelp.com/biz/mid-town-chevron-service-station-houston?adjust_creative=i3Qg1cbzjpXgYfDuZ0MhXQ&utm_campaign=yelp_api_v3&utm_medium=api_v3_business_search&utm_source=i3Qg1cbzjpXgYfDuZ0MhXQ,77006,4
1352 W 43rd St,,,kroger-fuel-center-houston-4,"[['servicestations', 'Gas Stations']]",Houston,US,"['1352 W 43rd St', 'Houston, TX 77018']",,10099.557550739466,lXJAor0yAsjgV33noUD8iA,https://s3-media2.fl.yelpcdn.com/bphoto/eNKVwvllbox4ZEzQGA-YKA/o.jpg,False,29.8283844,-95.4317169,Kroger Fuel Center,,NAN,4.0,4,TX,[],https://www.yelp.com/biz/kroger-fuel-center-houston-4?adjust_creative=i3Qg1cbzjpXgYfDuZ0MhXQ&utm_campaign=yelp_api_v3&utm_medium=api_v3_business_search&utm_source=i3Qg1cbzjpXgYfDuZ0MhXQ,77018,4
7901 S Main St,,,astrodome-texaco-houston,"[['servicestations', 'Gas Stations']]",Houston,US,"['7901 S Main St', 'Houston, TX 77025']",(713) 667-1408,9294.44344333332,cyt19lV0UovwnNj3RjjK7Q,https://s3-media4.fl.yelpcdn.com/bphoto/sKt4j5gJ-udWaoqf2-XCXQ/o.jpg,False,29.694055,-95.414333,Astrodome Texaco,+17136671408,NAN,4.5,2,TX,[],https://www.yelp.com/biz/astrodome-texaco-houston?adjust_creative=i3Qg1cbzjpXgYfDuZ0MhXQ&utm_campaign=yelp_api_v3&utm_medium=api_v3_business_search&utm_source=i3Qg1cbzjpXgYfDuZ0MhXQ,77025,4
2111 Southmore Blvd,,,exxon-company-u-s-a-houston-5,"[['servicestations', 'Gas Stations']]",Houston,US,"['2111 Southmore Blvd', 'Houston, TX 77004']",(713) 527-8043,4759.146289269726,Eg3n7QjqQ_NyyIMsqBlAHQ,https://s3-media2.fl.yelpcdn.com/bphoto/2O0IzPDu4uYhWLPhiBcy8A/o.jpg,False,29.723148,-95.377845,Exxon Company U S A,+17135278043,NAN,3.5,4,TX,[],https://www.yelp.com/biz/exxon-company-u-s-a-houston-5?adjust_creative=i3Qg1cbzjpXgYfDuZ0MhXQ&utm_campaign=yelp_api_v3&utm_medium=api_v3_business_search&utm_source=i3Qg1cbzjpXgYfDuZ0MhXQ,77004,4
3936 Kirby Dr,,,shell-houston-36,"[['servicestations', 'Gas Stations'], ['convenience', 'Convenience Stores']]",Houston,US,"['3936 Kirby Dr', 'Houston, TX 77098']",(713) 529-9536,6713.331841731342,nJ9JEnSMmeUgEHm46I-x3w,https://s3-media2.fl.yelpcdn.com/bphoto/Hb-gocsuxAUXntH9Fzlykw/o.jpg,False,29.73129,-95.419111,Shell,+17135299536,$,3.5,3,TX,[],https://www.yelp.com/biz/shell-houston-36?adjust_creative=i3Qg1cbzjpXgYfDuZ0MhXQ&utm_campaign=yelp_api_v3&utm_medium=api_v3_business_search&utm_source=i3Qg1cbzjpXgYfDuZ0MhXQ,77098,4
11404 Northwest Fwy,,,chevron-houston-49,"[['servicestations', 'Gas Stations'], ['convenience', 'Convenience Stores']]",Houston,US,"['11404 Northwest Fwy', 'Houston, TX 77092']",(713) 360-7483,12536.490760201676,Es8fWADEqS-UR-NWvPK9dg,https://s3-media3.fl.yelpcdn.com/bphoto/zq1TeRup08bspYQn_6zuZw/o.jpg,False,29.82201,-95.47054,Chevron,+17133607483,$,4.5,2,TX,[],https://www.yelp.com/biz/chevron-houston-49?adjust_creative=i3Qg1cbzjpXgYfDuZ0MhXQ&utm_campaign=yelp_api_v3&utm_medium=api_v3_business_search&utm_source=i3Qg1cbzjpXgYfDuZ0MhXQ,77092,4
926 Westheimer Rd,,,valero-houston-41,"[['convenience', 'Convenience Stores'], ['servicestations', 'Gas Stations']]",Houston,US,"['926 Westheimer Rd', 'Houston, TX 77006']",(713) 528-0902,3662.004544108034,O6CE7GofV7jgwEqURXIGEA,https://s3-media2.fl.yelpcdn.com/bphoto/1hHYSRejPXD56UPa6kV9hQ/o.jpg,False,29.74493,-95.39167,Valero,+17135280902,$,2.0,14,TX,[],https://www.yelp.com/biz/valero-houston-41?adjust_creative=i3Qg1cbzjpXgYfDuZ0MhXQ&utm_campaign=yelp_api_v3&utm_medium=api_v3_business_search&utm_source=i3Qg1cbzjpXgYfDuZ0MhXQ,77006,4
3141 Southwest Fwy,,,shell-houston-12,"[['servicestations', 'Gas Stations']]",Houston,US,"['3141 Southwest Fwy', 'Houston, TX 77098']",(713) 529-3723,7524.432832969051,XPQ6kJcCwhPUKuyX2xP4ww,https://s3-media2.fl.yelpcdn.com/bphoto/tWW34Qv1Leej-DQORbNhOA/o.jpg,False,29.72929,-95.42757,Shell,+17135293723,NAN,3.5,4,TX,[],https://www.yelp.com/biz/shell-houston-12?adjust_creative=i3Qg1cbzjpXgYfDuZ0MhXQ&utm_campaign=yelp_api_v3&utm_medium=api_v3_business_search&utm_source=i3Qg1cbzjpXgYfDuZ0MhXQ,77098,4
5333 Katy Fwy,,,katy-freeway-texaco-houston,"[['servicestations', 'Gas Stations']]",Houston,US,"['5333 Katy Fwy', 'Houston, TX 77007']",(713) 861-7240,5744.422018723747,uNDCzF8QJAWeTX9Sqv--QQ,https://s3-media2.fl.yelpcdn.com/bphoto/uqYjyVYeJMitLmJFRwUIjQ/o.jpg,False,29.77672,-95.417488,Katy Freeway Texaco,+17138617240,NAN,4.0,3,TX,[],https://www.yelp.com/biz/katy-freeway-texaco-houston?adjust_creative=i3Qg1cbzjpXgYfDuZ0MhXQ&utm_campaign=yelp_api_v3&utm_medium=api_v3_business_search&utm_source=i3Qg1cbzjpXgYfDuZ0MhXQ,77007,4
5800 Almeda Rd,,,chevron-houston-25,"[['servicestations', 'Gas Stations']]",Houston,US,"['5800 Almeda Rd', 'Houston, TX 77004']",,5586.683179459891,NXrWQSGxzY8P-BRc_PMJjQ,https://s3-media2.fl.yelpcdn.com/bphoto/1NXiuIr-QodZCTjtXRBV7Q/o.jpg,False,29.7163352966309,-95.3813247680664,Chevron,,NAN,3.0,4,TX,[],https://www.yelp.com/biz/chevron-houston-25?adjust_creative=i3Qg1cbzjpXgYfDuZ0MhXQ&utm_campaign=yelp_api_v3&utm_medium=api_v3_business_search&utm_source=i3Qg1cbzjpXgYfDuZ0MhXQ,77004,4
2302 White Oak Dr,,,little-buddy-convenience-store-houston,"[['servicestations', 'Gas Stations'], ['convenience', 'Convenience Stores']]",Houston,US,"['2302 White Oak Dr', 'Houston, TX 77009']",(713) 868-8908,2887.0701692885827,tqx-JGutnIqzzF8BWcbbkA,https://s3-media4.fl.yelpcdn.com/bphoto/rjz0GMHOVMgLMkLeLfTQXw/o.jpg,False,29.7804107666016,-95.382209777832,Little Buddy Convenience Store,+17138688908,$,2.5,6,TX,[],https://www.yelp.com/biz/little-buddy-convenience-store-houston?adjust_creative=i3Qg1cbzjpXgYfDuZ0MhXQ&utm_campaign=yelp_api_v3&utm_medium=api_v3_business_search&utm_source=i3Qg1cbzjpXgYfDuZ0MhXQ,77009,4
916 Dunlavy St,,,texaco-dunlavy-mart-houston,"[['servicestations', 'Gas Stations']]",Houston,US,"['916 Dunlavy St', 'Houston, TX 77019']",(713) 529-7600,4111.725322814439,iZglnjboSPXNT7PzaroD2g,https://s3-media2.fl.yelpcdn.com/bphoto/S1SmauI3P8hrWZI2n1HuYw/o.jpg,False,29.7573928833008,-95.4021301269531,Texaco Dunlavy Mart,+17135297600,NAN,3.5,3,TX,[],https://www.yelp.com/biz/texaco-dunlavy-mart-houston?adjust_creative=i3Qg1cbzjpXgYfDuZ0MhXQ&utm_campaign=yelp_api_v3&utm_medium=api_v3_business_search&utm_source=i3Qg1cbzjpXgYfDuZ0MhXQ,77019,4
8430 Stella Link Rd,,,valero-houston-85,"[['servicestations', 'Gas Stations']]",Houston,US,"['8430 Stella Link Rd', 'Houston, TX 77025']",(713) 667-7988,11082.691529220829,6na8Qo5JUKNHMSIlXTbiuA,https://s3-media3.fl.yelpcdn.com/bphoto/JF3PFLeG2DQ5NqdKtEBJmA/o.jpg,False,29.6919498,-95.4404221,Valero,+17136677988,NAN,2.0,10,TX,[],https://www.yelp.com/biz/valero-houston-85?adjust_creative=i3Qg1cbzjpXgYfDuZ0MhXQ&utm_campaign=yelp_api_v3&utm_medium=api_v3_business_search&utm_source=i3Qg1cbzjpXgYfDuZ0MhXQ,77025,4
4002 SW Fwy St,,,chevron-houston-42,"[['servicestations', 'Gas Stations']]",Houston,US,"['4002 SW Fwy St', 'Houston, TX 77027']",,8727.38312892995,EjgCqnxXn92nt2yptBHT-w,https://s3-media3.fl.yelpcdn.com/bphoto/FabxY8El8eZcWEzLi1wqvA/o.jpg,False,29.7296037406988,-95.4417484626174,Chevron,,NAN,4.5,2,TX,[],https://www.yelp.com/biz/chevron-houston-42?adjust_creative=i3Qg1cbzjpXgYfDuZ0MhXQ&utm_campaign=yelp_api_v3&utm_medium=api_v3_business_search&utm_source=i3Qg1cbzjpXgYfDuZ0MhXQ,77027,4
1535 N Durham Dr,,,market-at-heights-houston,"[['servicestations', 'Gas Stations'], ['foodstands', 'Food Stands'], ['convenience', 'Convenience Stores']]",Houston,US,"['1535 N Durham Dr', 'Houston, TX 77008']",,6432.822375707417,y2uCF9I_eSCdNJuHbFybAQ,https://s3-media2.fl.yelpcdn.com/bphoto/k1t5rgA0j3pE5UFJdet30w/o.jpg,False,29.79927597882,-95.4119015112519,Market at Heights,,NAN,5.0,1,TX,[],https://www.yelp.com/biz/market-at-heights-houston?adjust_creative=i3Qg1cbzjpXgYfDuZ0MhXQ&utm_campaign=yelp_api_v3&utm_medium=api_v3_business_search&utm_source=i3Qg1cbzjpXgYfDuZ0MhXQ,77008,4
7626 Jensen Dr,,,jensen-gas-and-food-houston,"[['servicestations', 'Gas Stations']]",Houston,US,"['7626 Jensen Dr', 'Houston, TX 77093']",(713) 694-6010,7471.575853624346,G6_iwbfFsfxwhXkDAugVOg,https://s3-media3.fl.yelpcdn.com/bphoto/oi3p4qdNFn2BMmkoPLylOw/o.jpg,False,29.82834,-95.34225,Jensen Gas And Food,+17136946010,NAN,5.0,1,TX,[],https://www.yelp.com/biz/jensen-gas-and-food-houston?adjust_creative=i3Qg1cbzjpXgYfDuZ0MhXQ&utm_campaign=yelp_api_v3&utm_medium=api_v3_business_search&utm_source=i3Qg1cbzjpXgYfDuZ0MhXQ,77093,4
8015 East Fwy,,,exxon-company-u-s-a-houston-23,"[['servicestations', 'Gas Stations']]",Houston,US,"['8015 East Fwy', 'Houston, TX 77029']",(713) 674-0383,7497.4372068710445,i17k0rXg2sQHFroRZh9R3Q,,False,29.7787,-95.28447,Exxon Company U S A,+17136740383,NAN,5.0,1,TX,[],https://www.yelp.com/biz/exxon-company-u-s-a-houston-23?adjust_creative=i3Qg1cbzjpXgYfDuZ0MhXQ&utm_campaign=yelp_api_v3&utm_medium=api_v3_business_search&utm_source=i3Qg1cbzjpXgYfDuZ0MhXQ,77029,4
4440 N McCarty St,,,pilot-travel-center-houston-3,"[['servicestations', 'Gas Stations']]",Houston,US,"['4440 N McCarty St', 'Houston, TX 77013']",(713) 675-3375,9824.419775083188,e8Md0D24ngEmpo1ABQwzJA,https://s3-media3.fl.yelpcdn.com/bphoto/duUJJ8S6-9O1nVE0rEJtDQ/o.jpg,False,29.80025,-95.26765,Pilot Travel Center,+17136753375,NAN,3.0,4,TX,[],https://www.yelp.com/biz/pilot-travel-center-houston-3?adjust_creative=i3Qg1cbzjpXgYfDuZ0MhXQ&utm_campaign=yelp_api_v3&utm_medium=api_v3_business_search&utm_source=i3Qg1cbzjpXgYfDuZ0MhXQ,77013,4
3301 Pinemont Dr,,,nomaans-shell-houston,"[['servicestations', 'Gas Stations']]",Houston,US,"['3301 Pinemont Dr', 'Houston, TX 77018']",(713) 290-1150,10923.203110429487,wMX0Je9pBVHk2--TQQmr-A,https://s3-media2.fl.yelpcdn.com/bphoto/d-TSLa1sZ7Tc-fw8882aHA/o.jpg,False,29.840763092041,-95.4292831420898,Nomaan's Shell,+17132901150,NAN,4.0,2,TX,[],https://www.yelp.com/biz/nomaans-shell-houston?adjust_creative=i3Qg1cbzjpXgYfDuZ0MhXQ&utm_campaign=yelp_api_v3&utm_medium=api_v3_business_search&utm_source=i3Qg1cbzjpXgYfDuZ0MhXQ,77018,4
511 Lockwood,,,timewise-shell-and-mc-donalds-houston,"[['burgers', 'Burgers'], ['servicestations', 'Gas Stations'], ['convenience', 'Convenience Stores']]",Houston,US,"['511 Lockwood', 'Houston, TX 77011']",(713) 928-3196,3767.2597418958617,rIdmFDTBjJckytQh0u21Bg,https://s3-media1.fl.yelpcdn.com/bphoto/YtTVn7i1rr5I0pJ7qbp5Qw/o.jpg,False,29.751289575884,-95.3233452060524,Timewise Shell & Mc Donald's,+17139283196,$,3.5,3,TX,[],https://www.yelp.com/biz/timewise-shell-and-mc-donalds-houston?adjust_creative=i3Qg1cbzjpXgYfDuZ0MhXQ&utm_campaign=yelp_api_v3&utm_medium=api_v3_business_search&utm_source=i3Qg1cbzjpXgYfDuZ0MhXQ,77011,4
4305 Telephone Rd,,,chevron-stations-houston-16,"[['servicestations', 'Gas Stations']]",Houston,US,"['4305 Telephone Rd', 'Houston, TX 77087']",(713) 649-6791,8625.08092495382,Y4PHGYhACvYmhFAMV7U4eA,,False,29.702766418457,-95.3039474487305,Chevron Stations,+17136496791,NAN,5.0,1,TX,[],https://www.yelp.com/biz/chevron-stations-houston-16?adjust_creative=i3Qg1cbzjpXgYfDuZ0MhXQ&utm_campaign=yelp_api_v3&utm_medium=api_v3_business_search&utm_source=i3Qg1cbzjpXgYfDuZ0MhXQ,77087,4
8033 Lockwood Dr,,,byrds-svc-houston,"[['servicestations', 'Gas Stations']]",Houston,US,"['8033 Lockwood Dr', 'Houston, TX 77016']",(713) 633-1822,8794.667422431681,k5-8dawj9w3EvSa9m12JUg,,False,29.83386,-95.31921,Byrd's Svc,+17136331822,NAN,5.0,1,TX,[],https://www.yelp.com/biz/byrds-svc-houston?adjust_creative=i3Qg1cbzjpXgYfDuZ0MhXQ&utm_campaign=yelp_api_v3&utm_medium=api_v3_business_search&utm_source=i3Qg1cbzjpXgYfDuZ0MhXQ,77016,4
10306 S Post Oak Rd,,,kroger-fuel-center-houston-8,"[['servicestations', 'Gas Stations']]",Houston,US,"['10306 S Post Oak Rd', 'Houston, TX 77035']",,14462.895728591944,3gYFdoLvl2KoFZK7RzMKLg,https://s3-media1.fl.yelpcdn.com/bphoto/_XPzPBoikosl47IrxmYbrQ/o.jpg,False,29.6692089835551,-95.4636859148741,Kroger Fuel Center,,NAN,4.5,2,TX,[],https://www.yelp.com/biz/kroger-fuel-center-houston-8?adjust_creative=i3Qg1cbzjpXgYfDuZ0MhXQ&utm_campaign=yelp_api_v3&utm_medium=api_v3_business_search&utm_source=i3Qg1cbzjpXgYfDuZ0MhXQ,77035,4
711 Louisiana St,Ste 1000,,mxenergy-houston,"[['servicestations', 'Gas Stations']]",Houston,US,"['711 Louisiana St', 'Ste 1000', 'Houston, TX 77002']",,637.3491559032789,L3Nkj4Dhgr3P3apaUdOvLQ,https://s3-media1.fl.yelpcdn.com/bphoto/_OBIL7MxhkC-h0DwhoP4Aw/o.jpg,False,29.76012,-95.3656,MXenergy,,NAN,3.0,2,TX,[],https://www.yelp.com/biz/mxenergy-houston?adjust_creative=i3Qg1cbzjpXgYfDuZ0MhXQ&utm_campaign=yelp_api_v3&utm_medium=api_v3_business_search&utm_source=i3Qg1cbzjpXgYfDuZ0MhXQ,77002,4
7604 East Fwy,,,shell-service-stations-houston-7,"[['servicestations', 'Gas Stations']]",Houston,US,"['7604 East Fwy', 'Houston, TX 77020']",(713) 674-3615,6851.618205033312,CyxX-08QRVYETX41lTS0dw,https://s3-media1.fl.yelpcdn.com/bphoto/Nqt5oyF6dOUe9p0mwuT8Jg/o.jpg,False,29.77709,-95.29074,Shell Service Stations,+17136743615,NAN,3.5,3,TX,[],https://www.yelp.com/biz/shell-service-stations-houston-7?adjust_creative=i3Qg1cbzjpXgYfDuZ0MhXQ&utm_campaign=yelp_api_v3&utm_medium=api_v3_business_search&utm_source=i3Qg1cbzjpXgYfDuZ0MhXQ,77020,4
5216 Richmond Ave,,,ekko-fuels-and-oil-houston-2,"[['servicestations', 'Gas Stations']]",Houston,US,"['5216 Richmond Ave', 'Houston, TX 77056']",(713) 622-2625,10976.697124620334,j3Stcgz-Uq0dVLT6llP4lg,https://s3-media3.fl.yelpcdn.com/bphoto/7Rte0ePjDBB2dP4qYJFrhg/o.jpg,False,29.7319700519874,-95.4678809811299,Ekko Fuels & Oil,+17136222625,NAN,2.5,7,TX,[],https://www.yelp.com/biz/ekko-fuels-and-oil-houston-2?adjust_creative=i3Qg1cbzjpXgYfDuZ0MhXQ&utm_campaign=yelp_api_v3&utm_medium=api_v3_business_search&utm_source=i3Qg1cbzjpXgYfDuZ0MhXQ,77056,4
8550 Almeda Rd,,,almeda-food-store-houston,"[['servicestations', 'Gas Stations']]",Houston,US,"['8550 Almeda Rd', 'Houston, TX 77054']",(713) 795-5522,9638.620233024338,06hJkTT86HyDEuwUHh4owg,https://s3-media3.fl.yelpcdn.com/bphoto/1MtSDPVT_yUaPla5vYgO8g/o.jpg,False,29.6813507080078,-95.3934860229492,Almeda Food Store,+17137955522,NAN,5.0,1,TX,[],https://www.yelp.com/biz/almeda-food-store-houston?adjust_creative=i3Qg1cbzjpXgYfDuZ0MhXQ&utm_campaign=yelp_api_v3&utm_medium=api_v3_business_search&utm_source=i3Qg1cbzjpXgYfDuZ0MhXQ,77054,4
210 Patton St,,,loves-travel-stop-houston,"[['servicestations', 'Gas Stations'], ['convenience', 'Convenience Stores'], ['truckrepair', 'Commercial Truck Repair']]",Houston,US,"['210 Patton St', 'Houston, TX 77009']",(713) 694-9898,3947.4662195604697,q3o0dvRY1NzjM2ieet1o8Q,https://s3-media4.fl.yelpcdn.com/bphoto/YOok1aLX6kGbs54BGlQ2eg/o.jpg,False,29.7974764073968,-95.3698277883606,Love's Travel Stop,+17136949898,$$,1.5,10,TX,[],https://www.yelp.com/biz/loves-travel-stop-houston?adjust_creative=i3Qg1cbzjpXgYfDuZ0MhXQ&utm_campaign=yelp_api_v3&utm_medium=api_v3_business_search&utm_source=i3Qg1cbzjpXgYfDuZ0MhXQ,77009,4
11203 Northwest Fwy,,,shell-houston-17,"[['servicestations', 'Gas Stations']]",Houston,US,"['11203 Northwest Fwy', 'Houston, TX 77092']",(713) 680-9652,12364.990249508897,8kbBZiB56wxFca8_Hqb4oA,,False,29.81985,-95.4701,Shell,+17136809652,NAN,3.0,4,TX,[],https://www.yelp.com/biz/shell-houston-17?adjust_creative=i3Qg1cbzjpXgYfDuZ0MhXQ&utm_campaign=yelp_api_v3&utm_medium=api_v3_business_search&utm_source=i3Qg1cbzjpXgYfDuZ0MhXQ,77092,4
9954 Stella Link Rd,,,citgo-houston-11,"[['servicestations', 'Gas Stations'], ['convenience', 'Convenience Stores']]",Houston,US,"['9954 Stella Link Rd', 'Houston, TX 77025']",(713) 838-8125,12600.884602585329,6mrY4RNFtbgFunD1Rz3J4Q,,False,29.6737566872264,-95.4403342679143,Citgo,+17138388125,$,5.0,1,TX,[],https://www.yelp.com/biz/citgo-houston-11?adjust_creative=i3Qg1cbzjpXgYfDuZ0MhXQ&utm_campaign=yelp_api_v3&utm_medium=api_v3_business_search&utm_source=i3Qg1cbzjpXgYfDuZ0MhXQ,77025,4
2540 W Holcombe Blvd,,,kirby-shell-and-auto-repair-houston,"[['servicestations', 'Gas Stations'], ['autorepair', 'Auto Repair']]",Houston,US,"['2540 W Holcombe Blvd', 'Houston, TX 77030']",(713) 667-4432,8427.712012615902,ltUxBQQy7qP5FIVdCeOy_A,https://s3-media2.fl.yelpcdn.com/bphoto/Qz1W_Ioy13EMQXD5T1lp2g/o.jpg,False,29.70649,-95.41797,Kirby Shell & Auto Repair,+17136674432,NAN,1.5,12,TX,[],https://www.yelp.com/biz/kirby-shell-and-auto-repair-houston?adjust_creative=i3Qg1cbzjpXgYfDuZ0MhXQ&utm_campaign=yelp_api_v3&utm_medium=api_v3_business_search&utm_source=i3Qg1cbzjpXgYfDuZ0MhXQ,77030,4
2802 Old Spanish Trl,,,citgo-houston-14,"[['servicestations', 'Gas Stations'], ['oilchange', 'Oil Change Stations']]",Houston,US,"['2802 Old Spanish Trl', 'Houston, TX 77054']",(713) 747-9300,7605.493097319959,acHH8DMmsSQ4BWGtkvO6AQ,https://s3-media1.fl.yelpcdn.com/bphoto/p2xHae5Snja0diWD29zRPw/o.jpg,False,29.6986456551479,-95.3865535258282,Citgo,+17137479300,NAN,3.0,4,TX,[],https://www.yelp.com/biz/citgo-houston-14?adjust_creative=i3Qg1cbzjpXgYfDuZ0MhXQ&utm_campaign=yelp_api_v3&utm_medium=api_v3_business_search&utm_source=i3Qg1cbzjpXgYfDuZ0MhXQ,77054,4
3140 Sw Fwy,,,exxon-houston-3,"[['servicestations', 'Gas Stations']]",Houston,US,"['3140 Sw Fwy', 'Houston, TX 77098']",(713) 528-4756,7470.222844796368,QiDmshsldj0uFfLeu-dmww,https://s3-media3.fl.yelpcdn.com/bphoto/xV4XZpZJCLyaZeT_cbLWLA/o.jpg,False,29.730657,-95.427787,Exxon,+17135284756,NAN,3.5,2,TX,[],https://www.yelp.com/biz/exxon-houston-3?adjust_creative=i3Qg1cbzjpXgYfDuZ0MhXQ&utm_campaign=yelp_api_v3&utm_medium=api_v3_business_search&utm_source=i3Qg1cbzjpXgYfDuZ0MhXQ,77098,4
1104 Silber Rd,,,murphy-usa-houston-10,"[['servicestations', 'Gas Stations']]",Houston,US,"['1104 Silber Rd', 'Houston, TX 77055']",,10624.879152555792,N_7ruh6Kptcv8Fi3JGJ3qw,https://s3-media1.fl.yelpcdn.com/bphoto/zrw74bvecLYEhpW-RLviOw/o.jpg,False,29.7872989250471,-95.4664288943358,Murphy USA,,NAN,3.5,3,TX,[],https://www.yelp.com/biz/murphy-usa-houston-10?adjust_creative=i3Qg1cbzjpXgYfDuZ0MhXQ&utm_campaign=yelp_api_v3&utm_medium=api_v3_business_search&utm_source=i3Qg1cbzjpXgYfDuZ0MhXQ,77055,4
2358 Pierce St,,,gulf-houston-5,"[['servicestations', 'Gas Stations']]",Houston,US,"['2358 Pierce St', 'Houston, TX 77003']",,2310.1789166019594,OLroMvJKCiqgppFznnVhMg,https://s3-media1.fl.yelpcdn.com/bphoto/hizM0va0lEoNaeieWUtmjw/o.jpg,False,29.7422708,-95.3591546,Gulf,,NAN,4.0,1,TX,[],https://www.yelp.com/biz/gulf-houston-5?adjust_creative=i3Qg1cbzjpXgYfDuZ0MhXQ&utm_campaign=yelp_api_v3&utm_medium=api_v3_business_search&utm_source=i3Qg1cbzjpXgYfDuZ0MhXQ,77003,4
4615 San Jacinto,,,chevron-houston-16,"[['servicestations', 'Gas Stations']]",Houston,US,"['4615 San Jacinto', 'Houston, TX 77004']",(713) 521-2475,4118.8593841999855,__LEC3pDOWZ24oj2ZU5t3Q,https://s3-media3.fl.yelpcdn.com/bphoto/K9dq2IxFttnl-9zonI1XGA/o.jpg,False,29.73137,-95.38233,Chevron,+17135212475,NAN,2.0,5,TX,[],https://www.yelp.com/biz/chevron-houston-16?adjust_creative=i3Qg1cbzjpXgYfDuZ0MhXQ&utm_campaign=yelp_api_v3&utm_medium=api_v3_business_search&utm_source=i3Qg1cbzjpXgYfDuZ0MhXQ,77004,4
2539 Bissonnet St,,,exxon-houston-30,"[['servicestations', 'Gas Stations'], ['convenience', 'Convenience Stores']]",Houston,US,"['2539 Bissonnet St', 'Houston, TX 77005']",(713) 529-0577,7028.428876921142,11MQete21b-mH-YcjFnO8w,https://s3-media2.fl.yelpcdn.com/bphoto/-iF08LgojYoxSR13gcwmwA/o.jpg,False,29.72518,-95.41816,Exxon,+17135290577,NAN,2.5,3,TX,[],https://www.yelp.com/biz/exxon-houston-30?adjust_creative=i3Qg1cbzjpXgYfDuZ0MhXQ&utm_campaign=yelp_api_v3&utm_medium=api_v3_business_search&utm_source=i3Qg1cbzjpXgYfDuZ0MhXQ,77005,4
12805 Cullen,Ste 288,,texaco-houston-19,"[['servicestations', 'Gas Stations']]",Houston,US,"['12805 Cullen', 'Ste 288', 'Houston, TX 77047']",(713) 413-8222,963.6608275195208,46GTLddcejTuP0osassQEA,,False,29.7601927,-95.3693896,Texaco,+17134138222,NAN,4.0,1,TX,[],https://www.yelp.com/biz/texaco-houston-19?adjust_creative=i3Qg1cbzjpXgYfDuZ0MhXQ&utm_campaign=yelp_api_v3&utm_medium=api_v3_business_search&utm_source=i3Qg1cbzjpXgYfDuZ0MhXQ,77047,4
3423 Katy Fwy,,,studemont-shell-houston,"[['servicestations', 'Gas Stations']]",Houston,US,"['3423 Katy Fwy', 'Houston, TX 77007']",(713) 861-1668,3644.2302301150817,_IRYFy9GyfvqA67sBPPLxg,https://s3-media1.fl.yelpcdn.com/bphoto/w5WPnKkmJ9orAw9tgbuJzQ/o.jpg,False,29.77585,-95.39474,Studemont Shell,+17138611668,NAN,3.0,3,TX,[],https://www.yelp.com/biz/studemont-shell-houston?adjust_creative=i3Qg1cbzjpXgYfDuZ0MhXQ&utm_campaign=yelp_api_v3&utm_medium=api_v3_business_search&utm_source=i3Qg1cbzjpXgYfDuZ0MhXQ,77007,4
2222 Louisiana St,,,chevron-houston-22,"[['servicestations', 'Gas Stations']]",Houston,US,"['2222 Louisiana St', 'Houston, TX 77002']",(713) 652-9909,2134.346855200981,NLA4_yN69zHopbZXfuWEmg,https://s3-media1.fl.yelpcdn.com/bphoto/33V6J--6V2ECDtR4C5riAg/o.jpg,False,29.74919,-95.37528,Chevron,+17136529909,NAN,1.5,8,TX,[],https://www.yelp.com/biz/chevron-houston-22?adjust_creative=i3Qg1cbzjpXgYfDuZ0MhXQ&utm_campaign=yelp_api_v3&utm_medium=api_v3_business_search&utm_source=i3Qg1cbzjpXgYfDuZ0MhXQ,77002,4
130 Heights Blvd,,,citgo-houston-8,"[['servicestations', 'Gas Stations']]",Houston,US,"['130 Heights Blvd', 'Houston, TX 77007']",,3674.7113748618085,ey2tf18YoUG8ZT6GClYfRA,,False,29.7715846111548,-95.3967268864449,Citgo,,NAN,4.0,1,TX,[],https://www.yelp.com/biz/citgo-houston-8?adjust_creative=i3Qg1cbzjpXgYfDuZ0MhXQ&utm_campaign=yelp_api_v3&utm_medium=api_v3_business_search&utm_source=i3Qg1cbzjpXgYfDuZ0MhXQ,77007,4
3506 Elgin St,,,jeffys-exxon-no-2-houston,"[['servicestations', 'Gas Stations']]",Houston,US,"['3506 Elgin St', 'Houston, TX 77004']",(713) 951-0657,4051.9562764348816,sd5grmF-7JmpoFXIQLrU0g,https://s3-media2.fl.yelpcdn.com/bphoto/Bj8E64KO0zVPyvLyS7bpbQ/o.jpg,False,29.72746,-95.35029,Jeffy's Exxon No 2,+17139510657,NAN,3.0,2,TX,[],https://www.yelp.com/biz/jeffys-exxon-no-2-houston?adjust_creative=i3Qg1cbzjpXgYfDuZ0MhXQ&utm_campaign=yelp_api_v3&utm_medium=api_v3_business_search&utm_source=i3Qg1cbzjpXgYfDuZ0MhXQ,77004,4
1002 Montrose Blvd,,,exxon-houston-31,"[['servicestations', 'Gas Stations']]",Houston,US,"['1002 Montrose Blvd', 'Houston, TX 77019']",(713) 523-0516,3241.0436683813105,KSV6I8NAx6nhwq7yHSUCvA,https://s3-media3.fl.yelpcdn.com/bphoto/v46Al25l37Asnu37ctlclA/o.jpg,False,29.75715,-95.39266,Exxon,+17135230516,NAN,2.0,5,TX,[],https://www.yelp.com/biz/exxon-houston-31?adjust_creative=i3Qg1cbzjpXgYfDuZ0MhXQ&utm_campaign=yelp_api_v3&utm_medium=api_v3_business_search&utm_source=i3Qg1cbzjpXgYfDuZ0MhXQ,77019,4
2402 S Wayside Dr,,,exxon-company-u-s-a-complete-auto-repar-twng-srvce-houston-12,"[['servicestations', 'Gas Stations']]",Houston,US,"['2402 S Wayside Dr', 'Houston, TX 77023']",(713) 926-8695,6836.182247422955,jwPdHT-Nh_tnSyOHfHFAWA,https://s3-media3.fl.yelpcdn.com/bphoto/lzBZUEbjmF2YPM1A81zlzQ/o.jpg,False,29.7145684,-95.3157367,Exxon Company U S A Complete Auto Repar Twng Srvce,+17139268695,NAN,3.0,2,TX,[],https://www.yelp.com/biz/exxon-company-u-s-a-complete-auto-repar-twng-srvce-houston-12?adjust_creative=i3Qg1cbzjpXgYfDuZ0MhXQ&utm_campaign=yelp_api_v3&utm_medium=api_v3_business_search&utm_source=i3Qg1cbzjpXgYfDuZ0MhXQ,77023,4
738 Lathrop St,,,exxon-company-u-s-a-complete-auto-repar-twng-srvce-houston-4,"[['servicestations', 'Gas Stations']]",Houston,US,"['738 Lathrop St', 'Houston, TX 77020']",(713) 674-3989,5794.4420615058425,ndmMoaRflkW2Ado81AN-jA,https://s3-media2.fl.yelpcdn.com/bphoto/Gfy4dLQBLW-xyGx0_HlJEA/o.jpg,False,29.7751,-95.30146,Exxon Company U S A Complete Auto Repar Twng Srvce,+17136743989,NAN,3.0,2,TX,[],https://www.yelp.com/biz/exxon-company-u-s-a-complete-auto-repar-twng-srvce-houston-4?adjust_creative=i3Qg1cbzjpXgYfDuZ0MhXQ&utm_campaign=yelp_api_v3&utm_medium=api_v3_business_search&utm_source=i3Qg1cbzjpXgYfDuZ0MhXQ,77020,4
1003 Studemont St,,,exxon-gas-station-houston-3,"[['servicestations', 'Gas Stations'], ['convenience', 'Convenience Stores']]",Houston,US,"['1003 Studemont St', 'Houston, TX 77007']",(713) 861-9436,3172.3394394862903,rtSIzzHJLDR2MVgIA8kiDQ,https://s3-media1.fl.yelpcdn.com/bphoto/cEeb1jm2W6xaFxc2GJy5GQ/o.jpg,False,29.7692793894838,-95.3920214577535,Exxon Gas Station,+17138619436,$$$,2.5,2,TX,[],https://www.yelp.com/biz/exxon-gas-station-houston-3?adjust_creative=i3Qg1cbzjpXgYfDuZ0MhXQ&utm_campaign=yelp_api_v3&utm_medium=api_v3_business_search&utm_source=i3Qg1cbzjpXgYfDuZ0MhXQ,77007,4
2917 Mangum Rd,,,shell-houston-73,"[['servicestations', 'Gas Stations']]",Houston,US,"['2917 Mangum Rd', 'Houston, TX 77092']",,11227.849192491993,ijddKO_fXsYdcsinvToV5A,https://s3-media3.fl.yelpcdn.com/bphoto/ctw7czNDAkhAzRv2AWHeog/o.jpg,False,29.8148899696647,-95.4597829654813,Shell,,NAN,4.0,1,TX,[],https://www.yelp.com/biz/shell-houston-73?adjust_creative=i3Qg1cbzjpXgYfDuZ0MhXQ&utm_campaign=yelp_api_v3&utm_medium=api_v3_business_search&utm_source=i3Qg1cbzjpXgYfDuZ0MhXQ,77092,4
5606 N Shepherd Dr,,,shell-houston-25,"[['servicestations', 'Gas Stations']]",Houston,US,"['5606 N Shepherd Dr', 'Houston, TX 77091']",(713) 691-2976,10632.191039776108,9AnDDIcTIl4qsz_UpFjAnA,https://s3-media4.fl.yelpcdn.com/bphoto/ZliJB62vGx17Yr9-iED0fA/o.jpg,False,29.8474882945786,-95.4116071719365,Shell,+17136912976,NAN,4.0,1,TX,[],https://www.yelp.com/biz/shell-houston-25?adjust_creative=i3Qg1cbzjpXgYfDuZ0MhXQ&utm_campaign=yelp_api_v3&utm_medium=api_v3_business_search&utm_source=i3Qg1cbzjpXgYfDuZ0MhXQ,77091,4
8235 Broadway St,,,shell-gas-station-houston-10,"[['servicestations', 'Gas Stations'], ['convenience', 'Convenience Stores']]",Houston,US,"['8235 Broadway St', 'Houston, TX 77061']",(712) 643-3296,12869.151848885773,SBhC_R6wlXVO_jawEr5OqA,,False,29.6727905,-95.2766571,Shell Gas Station,+17126433296,NAN,2.5,4,TX,[],https://www.yelp.com/biz/shell-gas-station-houston-10?adjust_creative=i3Qg1cbzjpXgYfDuZ0MhXQ&utm_campaign=yelp_api_v3&utm_medium=api_v3_business_search&utm_source=i3Qg1cbzjpXgYfDuZ0MhXQ,77061,4
2610 Broadway St,,,fuel-depot-no-six-houston,"[['servicestations', 'Gas Stations']]",Houston,US,"['2610 Broadway St', 'Houston, TX 77012']",(713) 242-7339,10312.42996300097,GjS23XKw-PRNbqQmBd4b8g,https://s3-media2.fl.yelpcdn.com/bphoto/3k5SlNgwuZHSv9lWCDl-4Q/o.jpg,False,29.7031478881836,-95.2783508300781,Fuel Depot No Six,+17132427339,NAN,4.0,1,TX,[],https://www.yelp.com/biz/fuel-depot-no-six-houston?adjust_creative=i3Qg1cbzjpXgYfDuZ0MhXQ&utm_campaign=yelp_api_v3&utm_medium=api_v3_business_search&utm_source=i3Qg1cbzjpXgYfDuZ0MhXQ,77012,4
9700 Homestead Rd,,,fastmart-and-fuel-2-houston,"[['shopping', 'Shopping'], ['servicestations', 'Gas Stations']]",Houston,US,"['9700 Homestead Rd', 'Houston, TX 77016']",,11468.916268398945,slWMUZWszdFef1A1KEGbwA,,False,29.8520774841309,-95.2999801635742,Fastmart and Fuel 2,,NAN,4.0,1,TX,[],https://www.yelp.com/biz/fastmart-and-fuel-2-houston?adjust_creative=i3Qg1cbzjpXgYfDuZ0MhXQ&utm_campaign=yelp_api_v3&utm_medium=api_v3_business_search&utm_source=i3Qg1cbzjpXgYfDuZ0MhXQ,77016,4
5101 Gulfton St,,,circle-k-houston-11,"[['servicestations', 'Gas Stations'], ['convenience', 'Convenience Stores']]",Houston,US,"['5101 Gulfton St', 'Houston, TX 77081']",(713) 664-7712,11694.908305323397,Qf6UrRMUt15T0VLOv4cQbw,https://s3-media2.fl.yelpcdn.com/bphoto/N9xggeUDvPLpAHjv9uZTiw/o.jpg,False,29.71607,-95.46835,Circle K,+17136647712,NAN,4.0,1,TX,[],https://www.yelp.com/biz/circle-k-houston-11?adjust_creative=i3Qg1cbzjpXgYfDuZ0MhXQ&utm_campaign=yelp_api_v3&utm_medium=api_v3_business_search&utm_source=i3Qg1cbzjpXgYfDuZ0MhXQ,77081,4
4309 Old Spanish Trl,,,stripes-houston-20,"[['hotdogs', 'Fast Food'], ['servicestations', 'Gas Stations'], ['convenience', 'Convenience Stores']]",Houston,US,"['4309 Old Spanish Trl', 'Houston, TX 77021']",,6700.594588227333,EfCl05tL0hkC4OoXyfGo8g,https://s3-media4.fl.yelpcdn.com/bphoto/vGWNzGd7iiEfLuHFXdWTUw/o.jpg,False,29.7035223021739,-95.3489925733981,Stripes,,NAN,2.5,2,TX,[],https://www.yelp.com/biz/stripes-houston-20?adjust_creative=i3Qg1cbzjpXgYfDuZ0MhXQ&utm_campaign=yelp_api_v3&utm_medium=api_v3_business_search&utm_source=i3Qg1cbzjpXgYfDuZ0MhXQ,77021,4
4680 Beechnut St,,,chevron-houston-37,"[['servicestations', 'Gas Stations']]",Houston,US,"['4680 Beechnut St', 'Houston, TX 77096']",(713) 667-3883,12524.340600076539,Il6G30UD0FUYvOcYG0NaIw,https://s3-media1.fl.yelpcdn.com/bphoto/kvKXfj_yP9DBsR-uQSiSuQ/o.jpg,False,29.6895457684961,-95.4582557827234,Chevron,+17136673883,NAN,3.0,2,TX,[],https://www.yelp.com/biz/chevron-houston-37?adjust_creative=i3Qg1cbzjpXgYfDuZ0MhXQ&utm_campaign=yelp_api_v3&utm_medium=api_v3_business_search&utm_source=i3Qg1cbzjpXgYfDuZ0MhXQ,77096,4
2627 Wtc Jester Blvd,,,phillips-66-company-houston,"[['servicestations', 'Gas Stations']]",Houston,US,"['2627 Wtc Jester Blvd', 'Houston, TX 77008']",(713) 869-0607,9309.63491765075,Ib_yQ4WBqeunOaRSBVWLPg,,False,29.80801,-95.44136,Phillips 66 Company,+17138690607,NAN,2.5,3,TX,[],https://www.yelp.com/biz/phillips-66-company-houston?adjust_creative=i3Qg1cbzjpXgYfDuZ0MhXQ&utm_campaign=yelp_api_v3&utm_medium=api_v3_business_search&utm_source=i3Qg1cbzjpXgYfDuZ0MhXQ,77008,4
4605 W Tidwell Rd,,,sunmart-houston-3,"[['servicestations', 'Gas Stations']]",Houston,US,"['4605 W Tidwell Rd', 'Houston, TX 77091']",(713) 290-9245,13253.716543061128,0kOgHXghLdqpp7Qlgq7Y0Q,,False,29.8456115722656,-95.4590225219727,Sunmart,+17132909245,NAN,4.0,1,TX,[],https://www.yelp.com/biz/sunmart-houston-3?adjust_creative=i3Qg1cbzjpXgYfDuZ0MhXQ&utm_campaign=yelp_api_v3&utm_medium=api_v3_business_search&utm_source=i3Qg1cbzjpXgYfDuZ0MhXQ,77091,4
2350 Pease,,,chevron-houston-18,"[['servicestations', 'Gas Stations']]",Houston,US,"['2350 Pease', 'Houston, TX 77003']",,2095.4033235316138,rChpMcV3r40_tde4K1l_xg,https://s3-media2.fl.yelpcdn.com/bphoto/APGqmcMUD_P8icDfiYa67w/o.jpg,False,29.7442909579967,-95.3576159477234,Chevron,,NAN,1.5,5,TX,[],https://www.yelp.com/biz/chevron-houston-18?adjust_creative=i3Qg1cbzjpXgYfDuZ0MhXQ&utm_campaign=yelp_api_v3&utm_medium=api_v3_business_search&utm_source=i3Qg1cbzjpXgYfDuZ0MhXQ,77003,4
2802 Washinton Ave,,,shell-houston-31,"[['servicestations', 'Gas Stations']]",Houston,US,"['2802 Washinton Ave', 'Houston, TX 77007']",,2767.786970968635,9VunnMwLpjWLvGHD_EF3Cw,https://s3-media3.fl.yelpcdn.com/bphoto/xYqB5TWmPgTNowTsnop1wQ/o.jpg,False,29.768849912664,-95.3878334662737,Shell,,NAN,2.0,3,TX,[],https://www.yelp.com/biz/shell-houston-31?adjust_creative=i3Qg1cbzjpXgYfDuZ0MhXQ&utm_campaign=yelp_api_v3&utm_medium=api_v3_business_search&utm_source=i3Qg1cbzjpXgYfDuZ0MhXQ,77007,4
3519 S Shepherd Dr,,,corner-store-houston-17,"[['convenience', 'Convenience Stores'], ['servicestations', 'Gas Stations']]",Houston,US,"['3519 S Shepherd Dr', 'Houston, TX 77098']",(713) 529-1640,5802.025435129778,n8zNJnggXwRVDfs4BVW63Q,https://s3-media2.fl.yelpcdn.com/bphoto/WOYrMEO5TOeef1yjz0hqVQ/o.jpg,False,29.73451,-95.41037,Corner Store,+17135291640,NAN,2.5,2,TX,[],https://www.yelp.com/biz/corner-store-houston-17?adjust_creative=i3Qg1cbzjpXgYfDuZ0MhXQ&utm_campaign=yelp_api_v3&utm_medium=api_v3_business_search&utm_source=i3Qg1cbzjpXgYfDuZ0MhXQ,77098,4
101 Cavalcade St,,,exxon-company-u-s-a-houston-19,"[['servicestations', 'Gas Stations']]",Houston,US,"['101 Cavalcade St', 'Houston, TX 77009']",(713) 695-0612,4637.331154837855,o1rEM2deJHwcPMdAhBEuCw,https://s3-media3.fl.yelpcdn.com/bphoto/iVwImiG53jpXbshNAEjXHg/o.jpg,False,29.8033618927002,-95.37158203125,Exxon Company U S A,+17136950612,NAN,2.5,2,TX,[],https://www.yelp.com/biz/exxon-company-u-s-a-houston-19?adjust_creative=i3Qg1cbzjpXgYfDuZ0MhXQ&utm_campaign=yelp_api_v3&utm_medium=api_v3_business_search&utm_source=i3Qg1cbzjpXgYfDuZ0MhXQ,77009,4
3940 N McCarty St,,,loves-travel-stop-houston-2,"[['servicestations', 'Gas Stations'], ['convenience', 'Convenience Stores']]",Houston,US,"['3940 N McCarty St', 'Houston, TX 77013']",(713) 670-0235,9621.96305056179,D10vP62NRb_pUj49-uiL-w,https://s3-media3.fl.yelpcdn.com/bphoto/xWZbwwk1_vZmbUQXP1ebwA/o.jpg,False,29.7986171665729,-95.2690789510651,Love's Travel Stop,+17136700235,$$$,2.0,5,TX,[],https://www.yelp.com/biz/loves-travel-stop-houston-2?adjust_creative=i3Qg1cbzjpXgYfDuZ0MhXQ&utm_campaign=yelp_api_v3&utm_medium=api_v3_business_search&utm_source=i3Qg1cbzjpXgYfDuZ0MhXQ,77013,4
4702 Scott St,,,exxon-houston-24,"[['servicestations', 'Gas Stations'], ['convenience', 'Convenience Stores']]",Houston,US,"['4702 Scott St', 'Houston, TX 77004']",(832) 283-8786,5193.8545537565315,2ZLOHtbf9YqIv5SAZVTlXA,,False,29.7165826100082,-95.3542171625851,Exxon,+18322838786,NAN,2.5,2,TX,[],https://www.yelp.com/biz/exxon-houston-24?adjust_creative=i3Qg1cbzjpXgYfDuZ0MhXQ&utm_campaign=yelp_api_v3&utm_medium=api_v3_business_search&utm_source=i3Qg1cbzjpXgYfDuZ0MhXQ,77004,4
5020 Bellaire,,,chevron-station-houston-3,"[['servicestations', 'Gas Stations']]",Houston,US,"['5020 Bellaire', 'Houston, TX 77002']",(713) 668-5032,12147.55016119744,JMK6BcTH_h6E8xwOcTwaRA,https://s3-media4.fl.yelpcdn.com/bphoto/UqQaep56X8LV93ycYzXAZA/o.jpg,False,29.7062473297119,-95.4675445556641,Chevron Station,+17136685032,NAN,2.0,3,TX,[],https://www.yelp.com/biz/chevron-station-houston-3?adjust_creative=i3Qg1cbzjpXgYfDuZ0MhXQ&utm_campaign=yelp_api_v3&utm_medium=api_v3_business_search&utm_source=i3Qg1cbzjpXgYfDuZ0MhXQ,77002,4
6019 Almeda Rd,,,shell-houston-2,"[['servicestations', 'Gas Stations']]",Houston,US,"['6019 Almeda Rd', 'Houston, TX 77004']",(713) 874-1200,5848.963056930216,HcXnA-GBCAnM1uu916KYxA,https://s3-media1.fl.yelpcdn.com/bphoto/A46Ekis_6kacusjrT4qgBA/o.jpg,False,29.713791171338,-95.3812790164377,Shell,+17138741200,NAN,1.0,5,TX,[],https://www.yelp.com/biz/shell-houston-2?adjust_creative=i3Qg1cbzjpXgYfDuZ0MhXQ&utm_campaign=yelp_api_v3&utm_medium=api_v3_business_search&utm_source=i3Qg1cbzjpXgYfDuZ0MhXQ,77004,4
4740 Katy Fwy,,,shepherd-shell-houston,"[['servicestations', 'Gas Stations']]",Houston,US,"['4740 Katy Fwy', 'Houston, TX 77007']",(713) 868-4555,5025.803802865593,bTCneS0ClMgzVb5Tqlha5g,https://s3-media1.fl.yelpcdn.com/bphoto/5EvK8DAfNze25aAUZ4T1yw/o.jpg,False,29.77828,-95.40915,Shepherd Shell,+17138684555,NAN,1.5,5,TX,[],https://www.yelp.com/biz/shepherd-shell-houston?adjust_creative=i3Qg1cbzjpXgYfDuZ0MhXQ&utm_campaign=yelp_api_v3&utm_medium=api_v3_business_search&utm_source=i3Qg1cbzjpXgYfDuZ0MhXQ,77007,4
1301 McKinney St,Ste 900,,chevron-houston-9,"[['servicestations', 'Gas Stations']]",Houston,US,"['1301 McKinney St', 'Ste 900', 'Houston, TX 77010']",(713) 754-2000,852.2741576721965,1Yar03R3csd2HLFJiLyQmg,https://s3-media1.fl.yelpcdn.com/bphoto/U4XERD5UaVQx1yBg_MNaTQ/o.jpg,False,29.7555,-95.3616,Chevron,+17137542000,NAN,3.0,1,TX,[],https://www.yelp.com/biz/chevron-houston-9?adjust_creative=i3Qg1cbzjpXgYfDuZ0MhXQ&utm_campaign=yelp_api_v3&utm_medium=api_v3_business_search&utm_source=i3Qg1cbzjpXgYfDuZ0MhXQ,77010,4
3117 Main St,,,valero-houston-100,"[['servicestations', 'Gas Stations']]",Houston,US,"['3117 Main St', 'Houston, TX 77002']",(713) 520-0623,2868.064368596577,2HrQeksQ6Tqo5fIgrUBiCg,https://s3-media4.fl.yelpcdn.com/bphoto/i7xzUJrYEQCMOyNpcUSPbg/o.jpg,False,29.7416073167374,-95.3765084742066,Valero,+17135200623,NAN,2.5,3,TX,[],https://www.yelp.com/biz/valero-houston-100?adjust_creative=i3Qg1cbzjpXgYfDuZ0MhXQ&utm_campaign=yelp_api_v3&utm_medium=api_v3_business_search&utm_source=i3Qg1cbzjpXgYfDuZ0MhXQ,77002,4
3306 Navigation Blvd,,,chevron-gas-station-houston-3,"[['servicestations', 'Gas Stations']]",Houston,US,"['3306 Navigation Blvd', 'Houston, TX 77003']",(713) 224-8841,2434.237294439655,Gxxnouwa6elg_7f8lfJlcA,,False,29.754927,-95.336517,Chevron Gas Station,+17132248841,NAN,3.0,1,TX,[],https://www.yelp.com/biz/chevron-gas-station-houston-3?adjust_creative=i3Qg1cbzjpXgYfDuZ0MhXQ&utm_campaign=yelp_api_v3&utm_medium=api_v3_business_search&utm_source=i3Qg1cbzjpXgYfDuZ0MhXQ,77003,4
5401 Katy Fwy,,,exxon-houston-33,"[['servicestations', 'Gas Stations'], ['convenience', 'Convenience Stores']]",Houston,US,"['5401 Katy Fwy', 'Houston, TX 77007']",(713) 861-2578,5846.470359450105,EJTSy7BoP2QmSPJaJeJvlA,https://s3-media1.fl.yelpcdn.com/bphoto/I5md-Jq9dGefx9Zj49ND4g/o.jpg,False,29.7768117473357,-95.4184082538814,Exxon,+17138612578,$,1.5,3,TX,[],https://www.yelp.com/biz/exxon-houston-33?adjust_creative=i3Qg1cbzjpXgYfDuZ0MhXQ&utm_campaign=yelp_api_v3&utm_medium=api_v3_business_search&utm_source=i3Qg1cbzjpXgYfDuZ0MhXQ,77007,4
5270 Beechnut St,,,meyerland-shell-houston,"[['servicestations', 'Gas Stations']]",Houston,US,"['5270 Beechnut St', 'Houston, TX 77096']",(713) 666-7774,13863.538580698167,Pucoj4x4iXaYp37_KXFC1w,https://s3-media3.fl.yelpcdn.com/bphoto/MBQiw7mWcOJO5zvi7O649A/o.jpg,False,29.689369,-95.475715,Meyerland Shell,+17136667774,NAN,2.0,7,TX,[],https://www.yelp.com/biz/meyerland-shell-houston?adjust_creative=i3Qg1cbzjpXgYfDuZ0MhXQ&utm_campaign=yelp_api_v3&utm_medium=api_v3_business_search&utm_source=i3Qg1cbzjpXgYfDuZ0MhXQ,77096,4
5201 Lockwood,,,texaco-houston-21,"[['servicestations', 'Gas Stations']]",Houston,US,"['5201 Lockwood', 'Houston, TX 77026']",,6469.276240755966,-P2GRk_JKf8QfuLgpy6Tbw,,False,29.808192,-95.3177,Texaco,,NAN,3.0,1,TX,[],https://www.yelp.com/biz/texaco-houston-21?adjust_creative=i3Qg1cbzjpXgYfDuZ0MhXQ&utm_campaign=yelp_api_v3&utm_medium=api_v3_business_search&utm_source=i3Qg1cbzjpXgYfDuZ0MhXQ,77026,4
4529 Old Spanish Trl,,,shell-houston-5,"[['servicestations', 'Gas Stations']]",Houston,US,"['4529 Old Spanish Trl', 'Houston, TX 77021']",(281) 277-0077,6502.383673269466,skHpFe79v4E3x1iM_wQQhA,,False,29.70634,-95.34378,Shell,+12812770077,NAN,3.0,1,TX,[],https://www.yelp.com/biz/shell-houston-5?adjust_creative=i3Qg1cbzjpXgYfDuZ0MhXQ&utm_campaign=yelp_api_v3&utm_medium=api_v3_business_search&utm_source=i3Qg1cbzjpXgYfDuZ0MhXQ,77021,4
9805 S Main St,,,chevron-station-houston,"[['localservices', 'Local Services'], ['servicestations', 'Gas Stations']]",Houston,US,"['9805 S Main St', 'Houston, TX 77025']",(713) 668-3400,11367.127038316925,vV3tNgQBG4NzczytUpeF3A,https://s3-media3.fl.yelpcdn.com/bphoto/apOshOXCtdMIwli9Eg0j7Q/o.jpg,False,29.6784076690674,-95.4261093139648,Chevron Station,+17136683400,NAN,1.5,4,TX,[],https://www.yelp.com/biz/chevron-station-houston?adjust_creative=i3Qg1cbzjpXgYfDuZ0MhXQ&utm_campaign=yelp_api_v3&utm_medium=api_v3_business_search&utm_source=i3Qg1cbzjpXgYfDuZ0MhXQ,77025,4
5456-5498 East Fwy,,,shell-houston-30,"[['servicestations', 'Gas Stations'], ['convenience', 'Convenience Stores']]",Houston,US,"['5456-5498 East Fwy', 'Houston, TX 77020']",,4419.401117529315,oGmvhUEeoS-O9Ly7iOwzTw,https://s3-media2.fl.yelpcdn.com/bphoto/ETPW47KS-jdJE9eMKgIzwA/o.jpg,False,29.773664748327,-95.3158390674625,Shell,,$$,2.0,2,TX,[],https://www.yelp.com/biz/shell-houston-30?adjust_creative=i3Qg1cbzjpXgYfDuZ0MhXQ&utm_campaign=yelp_api_v3&utm_medium=api_v3_business_search&utm_source=i3Qg1cbzjpXgYfDuZ0MhXQ,77020,4
5601 Memorial,,,shell-station-houston-3,"[['servicestations', 'Gas Stations']]",Houston,US,"['5601 Memorial', 'Houston, TX 77007']",,5687.518121940151,gphWh-cU6b0Mjro04dNawg,https://s3-media1.fl.yelpcdn.com/bphoto/9u-dmGAK45O7Z_1m_p72Fg/o.jpg,False,29.7610244750977,-95.418830871582,Shell Station,,NAN,1.5,3,TX,[],https://www.yelp.com/biz/shell-station-houston-3?adjust_creative=i3Qg1cbzjpXgYfDuZ0MhXQ&utm_campaign=yelp_api_v3&utm_medium=api_v3_business_search&utm_source=i3Qg1cbzjpXgYfDuZ0MhXQ,77007,4
6935 Almeda Rd,,,shell-houston-40,"[['servicestations', 'Gas Stations']]",Houston,US,"['6935 Almeda Rd', 'Houston, TX 77021']",(713) 797-9986,7360.545661410398,BPR7QV5gprLRUs40P2WQeA,https://s3-media2.fl.yelpcdn.com/bphoto/t92EP-tOX3sVJv3h8fb3dA/o.jpg,False,29.70075,-95.38575,Shell,+17137979986,NAN,1.5,3,TX,[],https://www.yelp.com/biz/shell-houston-40?adjust_creative=i3Qg1cbzjpXgYfDuZ0MhXQ&utm_campaign=yelp_api_v3&utm_medium=api_v3_business_search&utm_source=i3Qg1cbzjpXgYfDuZ0MhXQ,77021,4
2502 North Lp W,,,shell-houston-60,"[['servicestations', 'Gas Stations']]",Houston,US,"['2502 North Lp W', 'Houston, TX 77092']",(713) 956-7808,9471.993328191964,tRz0hzf6768FWgNNnY7YpA,,False,29.8088338773614,-95.4427056759596,Shell,+17139567808,NAN,3.0,1,TX,[],https://www.yelp.com/biz/shell-houston-60?adjust_creative=i3Qg1cbzjpXgYfDuZ0MhXQ&utm_campaign=yelp_api_v3&utm_medium=api_v3_business_search&utm_source=i3Qg1cbzjpXgYfDuZ0MhXQ,77092,4
2025 W 34th St,,,valero-houston-107,"[['servicestations', 'Gas Stations'], ['convenience', 'Convenience Stores']]",Houston,US,"['2025 W 34th St', 'Houston, TX 77018']",,9484.280349950226,ayL8daG4x72uwOiTlqxZag,https://s3-media4.fl.yelpcdn.com/bphoto/wg5M3x4YT4kxXiRgFGzu0Q/o.jpg,False,29.81702,-95.4360372,Valero,,NAN,3.0,1,TX,[],https://www.yelp.com/biz/valero-houston-107?adjust_creative=i3Qg1cbzjpXgYfDuZ0MhXQ&utm_campaign=yelp_api_v3&utm_medium=api_v3_business_search&utm_source=i3Qg1cbzjpXgYfDuZ0MhXQ,77018,4
202 N Lp W,,,exxon-star-stop-houston,"[['servicestations', 'Gas Stations'], ['convenience', 'Convenience Stores'], ['carwash', 'Car Wash']]",Houston,US,"['202 N Lp W', 'Houston, TX 77018']",(713) 868-1887,6807.8908263819385,WXXjjEc8UMJmfy32X_MmjA,https://s3-media2.fl.yelpcdn.com/bphoto/OgjItuI40Qvdw2GPKHs7eg/o.jpg,False,29.81359,-95.39997,Exxon Star Stop,+17138681887,$$,1.5,3,TX,[],https://www.yelp.com/biz/exxon-star-stop-houston?adjust_creative=i3Qg1cbzjpXgYfDuZ0MhXQ&utm_campaign=yelp_api_v3&utm_medium=api_v3_business_search&utm_source=i3Qg1cbzjpXgYfDuZ0MhXQ,77018,4
2220 Main St,,,shell-houston-6,"[['servicestations', 'Gas Stations']]",Houston,US,"['2220 Main St', 'Houston, TX 77002']",(713) 652-9888,2115.664555873132,H_PcNB9nX-eClFdfbirAOg,https://s3-media2.fl.yelpcdn.com/bphoto/Kd-yMfqvdtMa8zjdsXBgvA/o.jpg,False,29.74772,-95.37286,Shell,+17136529888,NAN,1.0,5,TX,[],https://www.yelp.com/biz/shell-houston-6?adjust_creative=i3Qg1cbzjpXgYfDuZ0MhXQ&utm_campaign=yelp_api_v3&utm_medium=api_v3_business_search&utm_source=i3Qg1cbzjpXgYfDuZ0MhXQ,77002,4
3835 Reveille St,,,coastal-express-houston,"[['servicestations', 'Gas Stations']]",Houston,US,"['3835 Reveille St', 'Houston, TX 77087']",(713) 649-2893,10942.372495947184,0zXHLPwxsfupaN__gMp63w,https://s3-media4.fl.yelpcdn.com/bphoto/r8-VHrZm6K-u4UpWOGnoVQ/o.jpg,False,29.6855430603027,-95.289924621582,Coastal Express,+17136492893,NAN,3.0,1,TX,[],https://www.yelp.com/biz/coastal-express-houston?adjust_creative=i3Qg1cbzjpXgYfDuZ0MhXQ&utm_campaign=yelp_api_v3&utm_medium=api_v3_business_search&utm_source=i3Qg1cbzjpXgYfDuZ0MhXQ,77087,4
7001 Gulf Fwy,,,shell-woodridge-houston,"[['servicestations', 'Gas Stations']]",Houston,US,"['7001 Gulf Fwy', 'Houston, TX 77087']",(713) 649-5606,9230.36606945392,cNxPbbtNmqwiUr8nPQhA5Q,,False,29.702375,-95.294708,Shell Woodridge,+17136495606,NAN,2.0,2,TX,[],https://www.yelp.com/biz/shell-woodridge-houston?adjust_creative=i3Qg1cbzjpXgYfDuZ0MhXQ&utm_campaign=yelp_api_v3&utm_medium=api_v3_business_search&utm_source=i3Qg1cbzjpXgYfDuZ0MhXQ,77087,4
4550 Dacoma St,,,exxonmobil-houston,"[['servicestations', 'Gas Stations']]",Houston,US,"['4550 Dacoma St', 'Houston, TX 77092']",(713) 680-7993,10562.300042654068,8rw-g3xQ0jKQbNfr_sqrKQ,,False,29.8081658,-95.4551051,Exxonmobil,+17136807993,NAN,2.0,2,TX,[],https://www.yelp.com/biz/exxonmobil-houston?adjust_creative=i3Qg1cbzjpXgYfDuZ0MhXQ&utm_campaign=yelp_api_v3&utm_medium=api_v3_business_search&utm_source=i3Qg1cbzjpXgYfDuZ0MhXQ,77092,4
8450 Gulf Fwy,,,monroes-texaco-houston,"[['servicestations', 'Gas Stations']]",Houston,US,"['8450 Gulf Fwy', 'Houston, TX 77017']",(713) 643-5063,13594.665369771052,MmIJLcR_6LFltl3_I3WICw,https://s3-media3.fl.yelpcdn.com/bphoto/SICskKDzE_7N7IGrPiTcOg/o.jpg,False,29.67233,-95.265487,Monroe's Texaco,+17136435063,NAN,2.0,2,TX,[],https://www.yelp.com/biz/monroes-texaco-houston?adjust_creative=i3Qg1cbzjpXgYfDuZ0MhXQ&utm_campaign=yelp_api_v3&utm_medium=api_v3_business_search&utm_source=i3Qg1cbzjpXgYfDuZ0MhXQ,77017,4
8320 Gulf Fwy,Ste A,,gulfway-quick-mart-houston-2,"[['servicestations', 'Gas Stations'], ['convenience', 'Convenience Stores']]",Houston,US,"['8320 Gulf Fwy', 'Ste A', 'Houston, TX 77017']",(713) 641-0900,13128.420595257321,8PJI93ipSpqohoQathmRXA,,False,29.67551,-95.26884,Gulfway Quick Mart,+17136410900,NAN,2.0,2,TX,[],https://www.yelp.com/biz/gulfway-quick-mart-houston-2?adjust_creative=i3Qg1cbzjpXgYfDuZ0MhXQ&utm_campaign=yelp_api_v3&utm_medium=api_v3_business_search&utm_source=i3Qg1cbzjpXgYfDuZ0MhXQ,77017,4
2602 Richmond Ave,,,citgo-houston-15,"[['servicestations', 'Gas Stations']]",Houston,US,"['2602 Richmond Ave', 'Houston, TX 77098']",(713) 528-0317,6533.191840259768,mF1jMn3g7Fg0pEl-v2u-8A,,False,29.7344,-95.419,Citgo,+17135280317,NAN,1.0,5,TX,[],https://www.yelp.com/biz/citgo-houston-15?adjust_creative=i3Qg1cbzjpXgYfDuZ0MhXQ&utm_campaign=yelp_api_v3&utm_medium=api_v3_business_search&utm_source=i3Qg1cbzjpXgYfDuZ0MhXQ,77098,4
4102 Almeda Rd,,,shell-houston-19,"[['servicestations', 'Gas Stations']]",Houston,US,"['4102 Almeda Rd', 'Houston, TX 77004']",(713) 520-6497,3747.4655065013903,6LnA8QScEDlGOde8U7It8Q,https://s3-media3.fl.yelpcdn.com/bphoto/J7YDLJiqTonnfuGjQQvyIA/o.jpg,False,29.7317515358088,-95.3757767302137,Shell,+17135206497,NAN,1.5,2,TX,[],https://www.yelp.com/biz/shell-houston-19?adjust_creative=i3Qg1cbzjpXgYfDuZ0MhXQ&utm_campaign=yelp_api_v3&utm_medium=api_v3_business_search&utm_source=i3Qg1cbzjpXgYfDuZ0MhXQ,77004,4
2103 Westheimer,,,citgo-houston-5,"[['servicestations', 'Gas Stations']]",Houston,US,"['2103 Westheimer', 'Houston, TX 77098']",,5440.222190831715,sFv1lNOT_FIjsUTOB0HpeA,https://s3-media4.fl.yelpcdn.com/bphoto/Uip5gYjs5aJngjehGctbbQ/o.jpg,False,29.7423649227608,-95.4110374311586,Citgo,,NAN,1.0,3,TX,[],https://www.yelp.com/biz/citgo-houston-5?adjust_creative=i3Qg1cbzjpXgYfDuZ0MhXQ&utm_campaign=yelp_api_v3&utm_medium=api_v3_business_search&utm_source=i3Qg1cbzjpXgYfDuZ0MhXQ,77098,4
2201 W Little York Rd,,,floyds-premier-service-station-houston,"[['servicestations', 'Gas Stations']]",Houston,US,"['2201 W Little York Rd', 'Houston, TX 77091']",(713) 688-1655,13765.030999243843,XzICmGmfPA3RKej-QT8YtA,,False,29.8634449392557,-95.4440380632877,Floyd's Premier Service Station,+17136881655,NAN,3.0,2,TX,[],https://www.yelp.com/biz/floyds-premier-service-station-houston?adjust_creative=i3Qg1cbzjpXgYfDuZ0MhXQ&utm_campaign=yelp_api_v3&utm_medium=api_v3_business_search&utm_source=i3Qg1cbzjpXgYfDuZ0MhXQ,77091,4
5555 Southwest Fwy,,,chimneyrock-texaco-houston,"[['servicestations', 'Gas Stations']]",Houston,US,"['5555 Southwest Fwy', 'Houston, TX 77056']",(713) 666-6991,11966.831092309196,A49c0TyUxJwR-dKxYQxizQ,,False,29.7252159118652,-95.4760055541992,Chimneyrock Texaco,+17136666991,NAN,1.5,2,TX,[],https://www.yelp.com/biz/chimneyrock-texaco-houston?adjust_creative=i3Qg1cbzjpXgYfDuZ0MhXQ&utm_campaign=yelp_api_v3&utm_medium=api_v3_business_search&utm_source=i3Qg1cbzjpXgYfDuZ0MhXQ,77056,4
801 N Loop W Fwy,,,shell-houston-62,"[['servicestations', 'Gas Stations']]",Houston,US,"['801 N Loop W Fwy', 'Houston, TX 77008']",(713) 695-3770,7512.310971294164,DuhBGNdAhV1AZNuSASvXLw,,False,29.8124141764931,-95.413072117199,Shell,+17136953770,NAN,1.0,3,TX,[],https://www.yelp.com/biz/shell-houston-62?adjust_creative=i3Qg1cbzjpXgYfDuZ0MhXQ&utm_campaign=yelp_api_v3&utm_medium=api_v3_business_search&utm_source=i3Qg1cbzjpXgYfDuZ0MhXQ,77008,4
1521 N Lp W,,,murphy-houston,"[['servicestations', 'Gas Stations']]",Houston,US,"['1521 N Lp W', 'Houston, TX 77018']",,8982.27401411944,JDfYekz3GrI-OeksLOnNbA,https://s3-media1.fl.yelpcdn.com/bphoto/mlk7O6tThPwQvXuBkQJUhw/o.jpg,False,29.820031837214,-95.425904,Murphy,,NAN,1.0,3,TX,[],https://www.yelp.com/biz/murphy-houston?adjust_creative=i3Qg1cbzjpXgYfDuZ0MhXQ&utm_campaign=yelp_api_v3&utm_medium=api_v3_business_search&utm_source=i3Qg1cbzjpXgYfDuZ0MhXQ,77018,4
1620 S Lp W,,,shell-houston-38,"[['servicestations', 'Gas Stations']]",Houston,US,"['1620 S Lp W', 'Houston, TX 77054']",,10119.631637651328,_AESa83TfjA7qb9zeFu67g,https://s3-media3.fl.yelpcdn.com/bphoto/V4vO-mI_20ZX6tIAqZEcrg/o.jpg,False,29.6798459940955,-95.4024758934975,Shell,,NAN,1.5,2,TX,[],https://www.yelp.com/biz/shell-houston-38?adjust_creative=i3Qg1cbzjpXgYfDuZ0MhXQ&utm_campaign=yelp_api_v3&utm_medium=api_v3_business_search&utm_source=i3Qg1cbzjpXgYfDuZ0MhXQ,77054,4
9200 S Main St,,,south-main-mobil-et-houston,"[['servicestations', 'Gas Stations']]",Houston,US,"['9200 S Main St', 'Houston, TX 77025']",(713) 665-0088,10573.669670071955,iDhL22Wf4ZviLkIGwFtFoQ,,False,29.6849689483643,-95.4228134155273,South Main Mobil Et,+17136650088,NAN,2.0,1,TX,[],https://www.yelp.com/biz/south-main-mobil-et-houston?adjust_creative=i3Qg1cbzjpXgYfDuZ0MhXQ&utm_campaign=yelp_api_v3&utm_medium=api_v3_business_search&utm_source=i3Qg1cbzjpXgYfDuZ0MhXQ,77025,4
5122 N McCarty St,,,sunrise-fuel-houston,"[['servicestations', 'Gas Stations'], ['convenience', 'Convenience Stores']]",Houston,US,"['5122 N McCarty St', 'Houston, TX 77013']",(713) 672-9640,10649.229232020773,eFhJ9zm1B6bH7pdp_BwiQg,,False,29.80711,-95.26194,Sunrise Fuel,+17136729640,$,2.0,1,TX,[],https://www.yelp.com/biz/sunrise-fuel-houston?adjust_creative=i3Qg1cbzjpXgYfDuZ0MhXQ&utm_campaign=yelp_api_v3&utm_medium=api_v3_business_search&utm_source=i3Qg1cbzjpXgYfDuZ0MhXQ,77013,4
9365 Main St,,,circle-k-houston-52,"[['servicestations', 'Gas Stations'], ['convenience', 'Convenience Stores']]",Houston,US,"['9365 Main St', 'Houston, TX 77025']",(713) 664-0232,10816.263675481485,7qdoHGBPxfIhS5o7y06XJA,https://s3-media4.fl.yelpcdn.com/bphoto/f0QG-mIsiQQlpPbgnJl0bQ/o.jpg,False,29.682523,-95.423146,Circle K,+17136640232,NAN,2.0,1,TX,[],https://www.yelp.com/biz/circle-k-houston-52?adjust_creative=i3Qg1cbzjpXgYfDuZ0MhXQ&utm_campaign=yelp_api_v3&utm_medium=api_v3_business_search&utm_source=i3Qg1cbzjpXgYfDuZ0MhXQ,77025,4
2501 S Braeswood,,,phillips-66-houston-4,"[['servicestations', 'Gas Stations']]",Houston,US,"['2501 S Braeswood', 'Houston, TX 77025']",(713) 666-4377,9275.818964561708,251Zb7jm6PgP5Ar9IPPWLQ,https://s3-media4.fl.yelpcdn.com/bphoto/Z_ki8agK0rwmn6XiKLvl9g/o.jpg,False,29.69649,-95.41798,Phillips 66,+17136664377,NAN,1.0,3,TX,[],https://www.yelp.com/biz/phillips-66-houston-4?adjust_creative=i3Qg1cbzjpXgYfDuZ0MhXQ&utm_campaign=yelp_api_v3&utm_medium=api_v3_business_search&utm_source=i3Qg1cbzjpXgYfDuZ0MhXQ,77025,4
3354 Old Spanish Trl,,,busy-bee-houston,"[['servicestations', 'Gas Stations'], ['newamerican', 'American (New)']]",Houston,US,"['3354 Old Spanish Trl', 'Houston, TX 77021']",(832) 538-0636,6999.363234264465,L--812mhjW5FLrzxgGONZg,,False,29.70112,-95.37165,Busy Bee,+18325380636,NAN,5.0,1,TX,[],https://www.yelp.com/biz/busy-bee-houston?adjust_creative=i3Qg1cbzjpXgYfDuZ0MhXQ&utm_campaign=yelp_api_v3&utm_medium=api_v3_business_search&utm_source=i3Qg1cbzjpXgYfDuZ0MhXQ,77021,4
7050 South Lp E,,,citgo-houston-12,"[['servicestations', 'Gas Stations'], ['convenience', 'Convenience Stores']]",Houston,US,"['7050 South Lp E', 'Houston, TX 77087']",(713) 644-3665,9411.202280637059,7iHyJRZVpn4eLvmLzgdn1Q,,False,29.695003,-95.301704,Citgo,+17136443665,NAN,1.0,2,TX,[],https://www.yelp.com/biz/citgo-houston-12?adjust_creative=i3Qg1cbzjpXgYfDuZ0MhXQ&utm_campaign=yelp_api_v3&utm_medium=api_v3_business_search&utm_source=i3Qg1cbzjpXgYfDuZ0MhXQ,77087,4
8800 1/2 Broadway,,,powerfuel-houston-2,"[['servicestations', 'Gas Stations']]",Houston,US,"['8800 1/2 Broadway', 'Houston, TX 77061']",,12830.696135882159,XpS7Ld70lnoQ4_00f3OdsA,,False,29.66101,-95.277198,PowerFuel,,NAN,2.0,1,TX,[],https://www.yelp.com/biz/powerfuel-houston-2?adjust_creative=i3Qg1cbzjpXgYfDuZ0MhXQ&utm_campaign=yelp_api_v3&utm_medium=api_v3_business_search&utm_source=i3Qg1cbzjpXgYfDuZ0MhXQ,77061,4
2350 Pease,,,exxon-houston-18,"[['servicestations', 'Gas Stations'], ['convenience', 'Convenience Stores']]",Houston,US,"['2350 Pease', 'Houston, TX 77003']",,2080.8714863242208,5ZR7WeMjd-4HQPIKLZg5bQ,https://s3-media1.fl.yelpcdn.com/bphoto/vmyDlwUnoGXR1QN1C-L7zA/o.jpg,False,29.7444443489208,-95.3573950643361,Exxon,,$$,1.0,2,TX,[],https://www.yelp.com/biz/exxon-houston-18?adjust_creative=i3Qg1cbzjpXgYfDuZ0MhXQ&utm_campaign=yelp_api_v3&utm_medium=api_v3_business_search&utm_source=i3Qg1cbzjpXgYfDuZ0MhXQ,77003,4
11603 Northwest Fwy,,,shell-houston-77,"[['servicestations', 'Gas Stations'], ['convenience', 'Convenience Stores']]",Houston,US,"['11603 Northwest Fwy', 'Houston, TX 77092']",(713) 683-7010,12879.893895329637,RElQdw-c25XHK5B7o8SVlQ,https://s3-media3.fl.yelpcdn.com/bphoto/PUxxdxal4M0LXaq73S07Gw/o.jpg,False,29.8233,-95.47398,Shell,+17136837010,$,1.0,2,TX,[],https://www.yelp.com/biz/shell-houston-77?adjust_creative=i3Qg1cbzjpXgYfDuZ0MhXQ&utm_campaign=yelp_api_v3&utm_medium=api_v3_business_search&utm_source=i3Qg1cbzjpXgYfDuZ0MhXQ,77092,4
4540 W Little York Rd,,,shell-service-stations-houston-35,"[['servicestations', 'Gas Stations']]",Houston,US,"['4540 W Little York Rd', 'Houston, TX 77091']",(281) 447-8775,15618.046062984567,AvYRL7cFiaWRjhXkmRXZ4g,https://s3-media4.fl.yelpcdn.com/bphoto/pwrJsw8-5prN27TXkP90yw/o.jpg,False,29.8636074066162,-95.4729919433594,Shell Service Stations,+12814478775,NAN,1.0,3,TX,[],https://www.yelp.com/biz/shell-service-stations-houston-35?adjust_creative=i3Qg1cbzjpXgYfDuZ0MhXQ&utm_campaign=yelp_api_v3&utm_medium=api_v3_business_search&utm_source=i3Qg1cbzjpXgYfDuZ0MhXQ,77091,4
5203 Almeda Rd,,,valero-houston-76,"[['servicestations', 'Gas Stations']]",Houston,US,"['5203 Almeda Rd', 'Houston, TX 77004']",(713) 522-7511,4837.994903422557,JQhFiviqrrY6NXlETvLogA,https://s3-media2.fl.yelpcdn.com/bphoto/qs_scJtLYaOiOItfOaUGGg/o.jpg,False,29.72275,-95.37847,Valero,+17135227511,NAN,1.0,2,TX,[],https://www.yelp.com/biz/valero-houston-76?adjust_creative=i3Qg1cbzjpXgYfDuZ0MhXQ&utm_campaign=yelp_api_v3&utm_medium=api_v3_business_search&utm_source=i3Qg1cbzjpXgYfDuZ0MhXQ,77004,4
3326 Canal St,,,a-to-z-food-and-fuel-houston,"[['convenience', 'Convenience Stores'], ['servicestations', 'Gas Stations']]",Houston,US,"['3326 Canal St', 'Houston, TX 77003']",(713) 222-0973,2379.5638748986453,TXrWtV0IkS7_QbvV04Ao9A,,False,29.75252,-95.33843,A To Z Food & Fuel,+17132220973,NAN,1.0,1,TX,[],https://www.yelp.com/biz/a-to-z-food-and-fuel-houston?adjust_creative=i3Qg1cbzjpXgYfDuZ0MhXQ&utm_campaign=yelp_api_v3&utm_medium=api_v3_business_search&utm_source=i3Qg1cbzjpXgYfDuZ0MhXQ,77003,4
3505 Gulf Fwy,,,gasoline-houston,"[['servicestations', 'Gas Stations'], ['convenience', 'Convenience Stores']]",Houston,US,"['3505 Gulf Fwy', 'Houston, TX 77003']",,3272.242973114619,u4Ce-J26hvYHOEJ1AF01fQ,,False,29.73593,-95.34673,Gasoline,,NAN,1.0,1,TX,[],https://www.yelp.com/biz/gasoline-houston?adjust_creative=i3Qg1cbzjpXgYfDuZ0MhXQ&utm_campaign=yelp_api_v3&utm_medium=api_v3_business_search&utm_source=i3Qg1cbzjpXgYfDuZ0MhXQ,77003,4
2424 Old Spanish Trl,,,chevron-service-station-houston-2,"[['servicestations', 'Gas Stations'], ['convenience', 'Convenience Stores']]",Houston,US,"['2424 Old Spanish Trl', 'Houston, TX 77054']",,7673.198210872046,UBwJg3pngarXeXezWlBwjQ,https://s3-media2.fl.yelpcdn.com/bphoto/LhuUcaWISqHacEcmbPkYtQ/o.jpg,False,29.6983472469603,-95.3876562193661,Chevron Service Station,,$$,1.0,1,TX,[],https://www.yelp.com/biz/chevron-service-station-houston-2?adjust_creative=i3Qg1cbzjpXgYfDuZ0MhXQ&utm_campaign=yelp_api_v3&utm_medium=api_v3_business_search&utm_source=i3Qg1cbzjpXgYfDuZ0MhXQ,77054,4
7025 S Loop E Fwy,,,check-out-houston,"[['servicestations', 'Gas Stations'], ['convenience', 'Convenience Stores']]",Houston,US,"['7025 S Loop E Fwy', 'Houston, TX 77087']",(713) 649-7358,9300.177409153044,ewWe14IviaE-vcB6xY7C2A,https://s3-media2.fl.yelpcdn.com/bphoto/6L3lcPJjItZQP27nRrPo1w/o.jpg,False,29.69648,-95.30125,Check Out,+17136497358,NAN,1.0,1,TX,[],https://www.yelp.com/biz/check-out-houston?adjust_creative=i3Qg1cbzjpXgYfDuZ0MhXQ&utm_campaign=yelp_api_v3&utm_medium=api_v3_business_search&utm_source=i3Qg1cbzjpXgYfDuZ0MhXQ,77087,4
2099 Antoine Dr,,,citgo-gas-station-houston,"[['servicestations', 'Gas Stations']]",Houston,US,"['2099 Antoine Dr', 'Houston, TX 77055']",(713) 895-9425,12356.411794323323,BOQML68ytw1Fx7AwuYde3g,https://s3-media1.fl.yelpcdn.com/bphoto/oGgUS5Cn1OKDYZmQ0D1IQg/o.jpg,False,29.810701,-95.475613,Citgo Gas Station,+17138959425,NAN,1.0,1,TX,[],https://www.yelp.com/biz/citgo-gas-station-houston?adjust_creative=i3Qg1cbzjpXgYfDuZ0MhXQ&utm_campaign=yelp_api_v3&utm_medium=api_v3_business_search&utm_source=i3Qg1cbzjpXgYfDuZ0MhXQ,77055,4
2602 West Lp S,,,shell-houston-13,"[['servicestations', 'Gas Stations']]",Houston,US,"['2602 West Lp S', 'Houston, TX 77027']",(713) 960-9183,9889.269979056618,M2GcaWqU04QjlMuwlnYiVA,https://s3-media3.fl.yelpcdn.com/bphoto/0-VG5xtPYrbWhvREAboLaA/o.jpg,False,29.74053,-95.45903,Shell,+17139609183,NAN,1.0,2,TX,[],https://www.yelp.com/biz/shell-houston-13?adjust_creative=i3Qg1cbzjpXgYfDuZ0MhXQ&utm_campaign=yelp_api_v3&utm_medium=api_v3_business_search&utm_source=i3Qg1cbzjpXgYfDuZ0MhXQ,77027,4
3003 Ella Blvd,,,exxon-company-u-s-a-complete-auto-repar-twng-srvce-houston-3,"[['servicestations', 'Gas Stations']]",Houston,US,"['3003 Ella Blvd', 'Houston, TX 77018']",(713) 862-3991,8754.106307550192,tjuqYq69GPTEKdZ7pCA1mQ,,False,29.8133316040039,-95.4297485351562,Exxon Company U S A Complete Auto Repar Twng Srvce,+17138623991,NAN,1.0,1,TX,[],https://www.yelp.com/biz/exxon-company-u-s-a-complete-auto-repar-twng-srvce-houston-3?adjust_creative=i3Qg1cbzjpXgYfDuZ0MhXQ&utm_campaign=yelp_api_v3&utm_medium=api_v3_business_search&utm_source=i3Qg1cbzjpXgYfDuZ0MhXQ,77018,4
4423 San Felipe St,,,chevron-houston-40,"[['servicestations', 'Gas Stations']]",Houston,US,"['4423 San Felipe St', 'Houston, TX 77027']",(713) 871-8188,9413.087017860542,YFGqS3sYUN0x5dJht7OMBA,https://s3-media1.fl.yelpcdn.com/bphoto/SAcuzHu7FIoajWZwYn6PIw/o.jpg,False,29.74675,-95.45574,Chevron,+17138718188,NAN,1.0,1,TX,[],https://www.yelp.com/biz/chevron-houston-40?adjust_creative=i3Qg1cbzjpXgYfDuZ0MhXQ&utm_campaign=yelp_api_v3&utm_medium=api_v3_business_search&utm_source=i3Qg1cbzjpXgYfDuZ0MhXQ,77027,4
8550 Almeda Rd,,,chevron-station-houston-houston-2,"[['servicestations', 'Gas Stations']]",Houston,US,"['8550 Almeda Rd', 'Houston, TX 77054']",(832) 234-3600,9641.856734986291,ZETLe8-3SAYflsDIA4vK0w,,False,29.681351,-95.393489,Chevron Station Houston,+18322343600,NAN,1.0,1,TX,[],https://www.yelp.com/biz/chevron-station-houston-houston-2?adjust_creative=i3Qg1cbzjpXgYfDuZ0MhXQ&utm_campaign=yelp_api_v3&utm_medium=api_v3_business_search&utm_source=i3Qg1cbzjpXgYfDuZ0MhXQ,77054,4
8610 Almeda Rd,,,star-stop-houston-3,"[['servicestations', 'Gas Stations']]",Houston,US,"['8610 Almeda Rd', 'Houston, TX 77054']",(713) 799-9125,9869.31630280018,-WvYpBDTfiS7dD4a77WGOw,https://s3-media1.fl.yelpcdn.com/bphoto/ZKKDWH3g1dO3op39tWBTKg/o.jpg,False,29.679394,-95.394182,Star Stop,+17137999125,NAN,1.0,1,TX,[],https://www.yelp.com/biz/star-stop-houston-3?adjust_creative=i3Qg1cbzjpXgYfDuZ0MhXQ&utm_campaign=yelp_api_v3&utm_medium=api_v3_business_search&utm_source=i3Qg1cbzjpXgYfDuZ0MhXQ,77054,4
5660 Westheimer Rd,,,westheimer-chimney-rock-chevron-houston,"[['servicestations', 'Gas Stations']]",Houston,US,"['5660 Westheimer Rd', 'Houston, TX 77056']",(713) 621-3351,11548.228021803867,iZTFw9tZjJp3xo9USeL7Ag,https://s3-media2.fl.yelpcdn.com/bphoto/KFAxFEzpQZyc8FIh4ZElxQ/o.jpg,False,29.738267,-95.476249,Westheimer Chimney Rock Chevron,+17136213351,NAN,1.0,1,TX,[],https://www.yelp.com/biz/westheimer-chimney-rock-chevron-houston?adjust_creative=i3Qg1cbzjpXgYfDuZ0MhXQ&utm_campaign=yelp_api_v3&utm_medium=api_v3_business_search&utm_source=i3Qg1cbzjpXgYfDuZ0MhXQ,77056,4
5910 W Lp S,,,shell-gas-station-bellaire,"[['servicestations', 'Gas Stations']]",Bellaire,US,"['5910 W Lp S', 'Bellaire, TX 77401']",(713) 666-6326,11019.063363073963,hXSYgVScgYyHsAQdqk-eMA,https://s3-media2.fl.yelpcdn.com/bphoto/YRHBqxoxkMrFFNmYFlutpQ/o.jpg,False,29.716969,-95.461009,Shell Gas station,+17136666326,NAN,3.0,4,TX,[],https://www.yelp.com/biz/shell-gas-station-bellaire?adjust_creative=i3Qg1cbzjpXgYfDuZ0MhXQ&utm_campaign=yelp_api_v3&utm_medium=api_v3_business_search&utm_source=i3Qg1cbzjpXgYfDuZ0MhXQ,77401,4
10801 S Post Oak Rd,,,shell-houston-15,"[['servicestations', 'Gas Stations'], ['convenience', 'Convenience Stores']]",Houston,US,"['10801 S Post Oak Rd', 'Houston, TX 77035']",(713) 721-6111,14887.45931828579,12mAk57Upg77eBZG1wXjww,,False,29.66392,-95.4636,Shell,+17137216111,$,1.0,1,TX,[],https://www.yelp.com/biz/shell-houston-15?adjust_creative=i3Qg1cbzjpXgYfDuZ0MhXQ&utm_campaign=yelp_api_v3&utm_medium=api_v3_business_search&utm_source=i3Qg1cbzjpXgYfDuZ0MhXQ,77035,4
1514 White Oak Dr,,,sunrise-no-11-houston,"[['convenience', 'Convenience Stores'], ['servicestations', 'Gas Stations']]",Houston,US,"['1514 White Oak Dr', 'Houston, TX 77009']",(713) 868-1424,2384.081607516298,eT4KDWyh2Zk6xB824WdmcA,,False,29.78133,-95.37269,Sunrise No 11,+17138681424,$,1.5,2,TX,[],https://www.yelp.com/biz/sunrise-no-11-houston?adjust_creative=i3Qg1cbzjpXgYfDuZ0MhXQ&utm_campaign=yelp_api_v3&utm_medium=api_v3_business_search&utm_source=i3Qg1cbzjpXgYfDuZ0MhXQ,77009,4
3944 Broadway St,,,shell-gas-station-houston-15,"[['servicestations', 'Gas Stations']]",Houston,US,"['3944 Broadway St', 'Houston, TX 77087']",(713) 640-2792,11813.617295521093,iJOlgepazl2R3ICu17LjbA,,False,29.68414,-95.2776049,Shell Gas Station,+17136402792,NAN,3.0,1,TX,[],https://www.yelp.com/biz/shell-gas-station-houston-15?adjust_creative=i3Qg1cbzjpXgYfDuZ0MhXQ&utm_campaign=yelp_api_v3&utm_medium=api_v3_business_search&utm_source=i3Qg1cbzjpXgYfDuZ0MhXQ,77087,4
2002 Runnels St,,,shell-houston-14,"[['servicestations', 'Gas Stations']]",Houston,US,"['2002 Runnels St', 'Houston, TX 77003']",(713) 226-7578,1094.624012081397,RQM2igUMydJDwNnM3qsADg,,False,29.76072,-95.34905,Shell,+17132267578,NAN,1.0,2,TX,[],https://www.yelp.com/biz/shell-houston-14?adjust_creative=i3Qg1cbzjpXgYfDuZ0MhXQ&utm_campaign=yelp_api_v3&utm_medium=api_v3_business_search&utm_source=i3Qg1cbzjpXgYfDuZ0MhXQ,77003,4
,,,citgo-houston-2,"[['servicestations', 'Gas Stations']]",Houston,US,"['Houston, TX 77210']",(800) 756-2484,1241.5809198263682,aWBFkoArIBR9AFe7J1fV2w,,False,29.7652721405029,-95.3657684326172,Citgo,+18007562484,NAN,1.0,1,TX,[],https://www.yelp.com/biz/citgo-houston-2?adjust_creative=i3Qg1cbzjpXgYfDuZ0MhXQ&utm_campaign=yelp_api_v3&utm_medium=api_v3_business_search&utm_source=i3Qg1cbzjpXgYfDuZ0MhXQ,77210,4
2111 Fannin St,,,texaco-houston-27,"[['servicestations', 'Gas Stations'], ['convenience', 'Convenience Stores']]",Houston,US,"['2111 Fannin St', 'Houston, TX 77002']",(713) 425-4564,1994.7637012465514,lWHKAQnCB81-vc7tGIohgg,,False,29.74757,-95.37042,Texaco,+17134254564,NAN,1.0,1,TX,[],https://www.yelp.com/biz/texaco-houston-27?adjust_creative=i3Qg1cbzjpXgYfDuZ0MhXQ&utm_campaign=yelp_api_v3&utm_medium=api_v3_business_search&utm_source=i3Qg1cbzjpXgYfDuZ0MhXQ,77002,4
3503 Gulf Fwy,,,zakaria-abdul-houston,"[['servicestations', 'Gas Stations']]",Houston,US,"['3503 Gulf Fwy', 'Houston, TX 77003']",(713) 222-0642,3193.7057505674916,prW_4JPeX6cDql904no5-Q,https://s3-media2.fl.yelpcdn.com/bphoto/_PHqT7KRUSVed1Kn_tKDAw/o.jpg,False,29.73644,-95.34746,Zakaria Abdul,+17132220642,NAN,1.0,1,TX,[],https://www.yelp.com/biz/zakaria-abdul-houston?adjust_creative=i3Qg1cbzjpXgYfDuZ0MhXQ&utm_campaign=yelp_api_v3&utm_medium=api_v3_business_search&utm_source=i3Qg1cbzjpXgYfDuZ0MhXQ,77003,4
926 Westheimer Rd,,,circle-k-houston-16,"[['servicestations', 'Gas Stations'], ['convenience', 'Convenience Stores']]",Houston,US,"['926 Westheimer Rd', 'Houston, TX 77006']",(713) 528-0902,3662.004544108034,U-KogK9JcMcRfKW48xVq_Q,https://s3-media3.fl.yelpcdn.com/bphoto/9mdGhaWvdSDWvQTLrDhf3g/o.jpg,False,29.74493,-95.39167,Circle K,+17135280902,NAN,1.0,1,TX,[],https://www.yelp.com/biz/circle-k-houston-16?adjust_creative=i3Qg1cbzjpXgYfDuZ0MhXQ&utm_campaign=yelp_api_v3&utm_medium=api_v3_business_search&utm_source=i3Qg1cbzjpXgYfDuZ0MhXQ,77006,4
718 North Lp E,,,irvingston-shell-houston,"[['servicestations', 'Gas Stations']]",Houston,US,"['718 North Lp E', 'Houston, TX 77009']",(713) 694-9101,5600.670583338581,iMXXG9MgtSiZ9cTWa_D2cg,https://s3-media3.fl.yelpcdn.com/bphoto/-VeC_pyjjn86kADbbkqAvg/o.jpg,False,29.81337,-95.36166,Irvingston Shell,+17136949101,NAN,1.0,1,TX,[],https://www.yelp.com/biz/irvingston-shell-houston?adjust_creative=i3Qg1cbzjpXgYfDuZ0MhXQ&utm_campaign=yelp_api_v3&utm_medium=api_v3_business_search&utm_source=i3Qg1cbzjpXgYfDuZ0MhXQ,77009,4
3939 Southwest Fwy,,,shell-service-stations-houston-28,"[['servicestations', 'Gas Stations']]",Houston,US,"['3939 Southwest Fwy', 'Houston, TX 77027']",(713) 877-8300,8714.94747588577,BAUQknXx9ZI3gsKDM2gpSQ,https://s3-media3.fl.yelpcdn.com/bphoto/-Ayh5Xg02Mk7OVALun3jhg/o.jpg,False,29.728153,-95.440757,Shell Service Stations,+17138778300,NAN,1.0,1,TX,[],https://www.yelp.com/biz/shell-service-stations-houston-28?adjust_creative=i3Qg1cbzjpXgYfDuZ0MhXQ&utm_campaign=yelp_api_v3&utm_medium=api_v3_business_search&utm_source=i3Qg1cbzjpXgYfDuZ0MhXQ,77027,4
3903 San Felipe St,,,shell-houston-23,"[['servicestations', 'Gas Stations']]",Houston,US,"['3903 San Felipe St', 'Houston, TX 77027']",(713) 850-0910,8125.612380148216,PGMnT2vPy1i16oqZ_1TiZQ,https://s3-media1.fl.yelpcdn.com/bphoto/hpwdj55PBsUE3Sv3pCo_bw/o.jpg,False,29.7465,-95.44198,Shell,+17138500910,NAN,1.0,1,TX,[],https://www.yelp.com/biz/shell-houston-23?adjust_creative=i3Qg1cbzjpXgYfDuZ0MhXQ&utm_campaign=yelp_api_v3&utm_medium=api_v3_business_search&utm_source=i3Qg1cbzjpXgYfDuZ0MhXQ,77027,4
4439 Bissonnet St,,,circle-k-bellaire-2,"[['servicestations', 'Gas Stations'], ['convenience', 'Convenience Stores']]",Bellaire,US,"['4439 Bissonnet St', 'Bellaire, TX 77401']",(713) 668-1340,10233.5127880237,Pd__dZouKvdMEdbIJb5AGA,https://s3-media2.fl.yelpcdn.com/bphoto/qLZ7pWOKZIiUD-WC5u9ZDg/o.jpg,False,29.71596,-95.45102,Circle K,+17136681340,NAN,3.0,1,TX,[],https://www.yelp.com/biz/circle-k-bellaire-2?adjust_creative=i3Qg1cbzjpXgYfDuZ0MhXQ&utm_campaign=yelp_api_v3&utm_medium=api_v3_business_search&utm_source=i3Qg1cbzjpXgYfDuZ0MhXQ,77401,4
Winkler,,,chevron-stations-south-houston,"[['grocery', 'Grocery'], ['servicestations', 'Gas Stations']]",South Houston,US,"['Winkler', 'South Houston, TX 77587']",(713) 943-7181,15002.463437896005,PGqVfYZ9KSwJ_YkJ7tk4ew,https://s3-media1.fl.yelpcdn.com/bphoto/f-6kbkXlo3qk7LbHJxx58A/o.jpg,False,29.6701228,-95.2472996,Chevron Stations,+17139437181,$$,4.0,1,TX,[],https://www.yelp.com/biz/chevron-stations-south-houston?adjust_creative=i3Qg1cbzjpXgYfDuZ0MhXQ&utm_campaign=yelp_api_v3&utm_medium=api_v3_business_search&utm_source=i3Qg1cbzjpXgYfDuZ0MhXQ,77587,4
6512 South Rice Ave,,,exxon-bellaire,"[['servicestations', 'Gas Stations']]",Bellaire,US,"['6512 South Rice Ave', 'Bellaire, TX 77401']",(713) 668-3822,12143.067185474712,qcewydrlT1UxRHDFJ2Kvzw,,False,29.707714762291,-95.4683959242323,Exxon,+17136683822,NAN,1.0,2,TX,[],https://www.yelp.com/biz/exxon-bellaire?adjust_creative=i3Qg1cbzjpXgYfDuZ0MhXQ&utm_campaign=yelp_api_v3&utm_medium=api_v3_business_search&utm_source=i3Qg1cbzjpXgYfDuZ0MhXQ,77401,4
10230 E Fwy,,,shell-gas-station-jacinto-city,"[['servicestations', 'Gas Stations']]",Jacinto City,US,"['10230 E Fwy', 'Jacinto City, TX 77029']",(713) 670-0584,10878.480284546067,Rd7HyyRKPKBzIOMiFTL75w,https://s3-media3.fl.yelpcdn.com/bphoto/-72jykhS_CrIhJqO0mFxYQ/o.jpg,False,29.7730105495481,-95.2478384971619,Shell Gas Station,+17136700584,NAN,1.0,1,TX,[],https://www.yelp.com/biz/shell-gas-station-jacinto-city?adjust_creative=i3Qg1cbzjpXgYfDuZ0MhXQ&utm_campaign=yelp_api_v3&utm_medium=api_v3_business_search&utm_source=i3Qg1cbzjpXgYfDuZ0MhXQ,77029,4
9119 Hwy 225,,,moodys-travel-plaza-la-porte-2,"[['service_stations', 'Service Stations']]",LA Porte,US,"['9119 Hwy 225', 'LA Porte, TX 77571']",(281) 542-9286,28773.445943839557,JJRmtWbGFYEaf9CpNDVeog,https://s3-media3.fl.yelpcdn.com/bphoto/i325sFVddeuQi9o6Rrun2w/o.jpg,False,29.6991,-95.07205,Moody's Travel Plaza,+12815429286,NAN,3.5,3,TX,[],https://www.yelp.com/biz/moodys-travel-plaza-la-porte-2?adjust_creative=i3Qg1cbzjpXgYfDuZ0MhXQ&utm_campaign=yelp_api_v3&utm_medium=api_v3_business_search&utm_source=i3Qg1cbzjpXgYfDuZ0MhXQ,77571,4
1207 N Fm 3083 Rd E,,,blue-magic-conroe-2,"[['service_stations', 'Service Stations']]",Conroe,US,"['1207 N Fm 3083 Rd E', 'Conroe, TX 77303']",(936) 539-1555,65244.173075115476,A6qiSGBftPvxyDq1nkB2tQ,,False,30.346376,-95.432884,Blue Magic,+19365391555,NAN,4.0,1,TX,[],https://www.yelp.com/biz/blue-magic-conroe-2?adjust_creative=i3Qg1cbzjpXgYfDuZ0MhXQ&utm_campaign=yelp_api_v3&utm_medium=api_v3_business_search&utm_source=i3Qg1cbzjpXgYfDuZ0MhXQ,77303,4
